Sample_1,Sample_2,bNTI,RC_BC,Mechanism,Pair_A,Pair_B,module_bray,Zone_1,Temp_1,Lon_1,Zone_2,Temp_2,Lon_2,module_similarity,temp_diff,lon_diff,geographic_km,zone_pair,temp_bin
eDNA1,eDNA18,-2.11446102889511,1,Homogeneous Selection,eDNA1,eDNA18,0.6986587517556951,ANW,26.81560716032982,-77.936917,ANC,21.02490310370922,-34.595667,0.30134124824430486,5.790704056620598,43.341249999999995,4097.173610737512,ANC-ANW,"[4,6)"
eDNA1,eDNA19,-1.66789517095053,1,Dispersal Limitation,eDNA1,eDNA19,0.6940177417612798,ANW,26.81560716032982,-77.936917,ANC,20.126926481723785,-32.055683,0.30598225823872016,6.688680678606033,45.88123399999999,4318.94985893023,ANC-ANW,"[6,8)"
eDNA18,eDNA19,-3.02448031481236,-0.94,Homogeneous Selection,eDNA18,eDNA19,0.06382459376463925,ANC,21.02490310370922,-34.595667,ANC,20.126926481723785,-32.055683,0.9361754062353608,0.8979766219854355,2.539983999999997,264.2225378483971,ANC-ANC,"[0,1)"
eDNA1,eDNA25,-1.79593970960524,1,Dispersal Limitation,eDNA1,eDNA25,0.6425286651273823,ANW,26.81560716032982,-77.936917,ANE,19.737266153097153,-17.887783,0.35747133487261773,7.078341007232666,60.049133999999995,5592.148696260032,ANE-ANW,"[6,8)"
eDNA18,eDNA25,-2.68156009742998,-0.75,Homogeneous Selection,eDNA18,eDNA25,0.07793742460557337,ANC,21.02490310370922,-34.595667,ANE,19.737266153097153,-17.887783,0.9220625753944266,1.2876369506120682,16.707884,1505.881374342653,ANC-ANE,"[1,2)"
eDNA19,eDNA25,-4.11059812801625,-0.84,Homogeneous Selection,eDNA19,eDNA25,0.11785201344609922,ANC,20.126926481723785,-32.055683,ANE,19.737266153097153,-17.887783,0.8821479865539008,0.3896603286266327,14.167900000000003,1273.3814411618841,ANC-ANE,"[0,1)"
eDNA1,eDNA26,-1.49984343772777,1,Dispersal Limitation,eDNA1,eDNA26,0.6063442275001584,ANW,26.81560716032982,-77.936917,ANE,20.25656910985708,-14.5402,0.3936557724998416,6.55903805047274,63.396716999999995,5882.555434228276,ANE-ANW,"[6,8)"
eDNA18,eDNA26,-1.76916003727977,-0.59,Drift,eDNA18,eDNA26,0.08735501145946853,ANC,21.02490310370922,-34.595667,ANE,20.25656910985708,-14.5402,0.9126449885405314,0.7683339938521421,20.055467,1804.219051188883,ANC-ANE,"[0,1)"
eDNA19,eDNA26,-3.65255660564454,-0.87,Homogeneous Selection,eDNA19,eDNA26,0.12765672336862802,ANC,20.126926481723785,-32.055683,ANE,20.25656910985708,-14.5402,0.872343276631372,0.12964262813329341,17.515483000000003,1566.7404129543274,ANC-ANE,"[0,1)"
eDNA25,eDNA26,-3.51141576719261,-0.96,Homogeneous Selection,eDNA25,eDNA26,0.04579586341276292,ANE,19.737266153097153,-17.887783,ANE,20.25656910985708,-14.5402,0.9542041365872371,0.5193029567599261,3.3475829999999984,302.57574163742515,ANE-ANE,"[0,1)"
eDNA1,eDNA27,-1.96006512918082,1,Dispersal Limitation,eDNA1,eDNA27,0.5677852118178982,ANW,26.81560716032982,-77.936917,ANE,20.502670370042324,-11.687733,0.4322147881821018,6.312936790287495,66.249184,6129.913818290507,ANE-ANW,"[6,8)"
eDNA18,eDNA27,-3.22944521598116,-0.52,Homogeneous Selection,eDNA18,eDNA27,0.09031718696796817,ANC,21.02490310370922,-34.595667,ANE,20.502670370042324,-11.687733,0.9096828130320318,0.5222327336668968,22.907933999999997,2058.3650298297925,ANC-ANE,"[0,1)"
eDNA19,eDNA27,-4.93646777530371,-0.45,Homogeneous Selection,eDNA19,eDNA27,0.08742716939770295,ANC,20.126926481723785,-32.055683,ANE,20.502670370042324,-11.687733,0.9125728306022971,0.37574388831853867,20.36795,1818.1449616458092,ANC-ANE,"[0,1)"
eDNA25,eDNA27,-2.77658300964548,-0.99,Homogeneous Selection,eDNA25,eDNA27,0.07709271703723589,ANE,19.737266153097153,-17.887783,ANE,20.502670370042324,-11.687733,0.9229072829627641,0.7654042169451714,6.200049999999999,559.1374721255089,ANE-ANE,"[0,1)"
eDNA26,eDNA27,-2.53524713958528,-0.94,Homogeneous Selection,eDNA26,eDNA27,0.05126289169046257,ANE,20.25656910985708,-14.5402,ANE,20.502670370042324,-11.687733,0.9487371083095374,0.24610126018524525,2.8524670000000008,256.56487369644435,ANE-ANE,"[0,1)"
eDNA1,eDNA28,-2.2033701788825,1,Homogeneous Selection,eDNA1,eDNA28,0.5739764182962899,ANW,26.81560716032982,-77.936917,ANE,21.50245673954487,-7.874533,0.42602358170371013,5.31315042078495,70.062384,6466.900792034208,ANE-ANW,"[4,6)"
eDNA18,eDNA28,-3.03894246276505,-0.79,Homogeneous Selection,eDNA18,eDNA28,0.1506523405538294,ANC,21.02490310370922,-34.595667,ANE,21.50245673954487,-7.874533,0.8493476594461706,0.4775536358356476,26.721134,2401.0712948048626,ANC-ANE,"[0,1)"
eDNA19,eDNA28,-4.57238307320617,-0.29,Homogeneous Selection,eDNA19,eDNA28,0.12289492346003557,ANC,20.126926481723785,-32.055683,ANE,21.50245673954487,-7.874533,0.8771050765399644,1.375530257821083,24.181150000000002,2159.403779326341,ANC-ANE,"[1,2)"
eDNA25,eDNA28,-3.54850482459031,-0.84,Homogeneous Selection,eDNA25,eDNA28,0.14619246002596054,ANE,19.737266153097153,-17.887783,ANE,21.50245673954487,-7.874533,0.8538075399740395,1.7651905864477158,10.01325,901.7532229043558,ANE-ANE,"[1,2)"
eDNA26,eDNA28,-3.1115641134995,-0.4,Homogeneous Selection,eDNA26,eDNA28,0.11339511631743175,ANE,20.25656910985708,-14.5402,ANE,21.50245673954487,-7.874533,0.8866048836825683,1.2458876296877897,6.665667000000001,599.4024760658853,ANE-ANE,"[1,2)"
eDNA27,eDNA28,-3.74887938769291,-0.23,Homogeneous Selection,eDNA27,eDNA28,0.07066852766463214,ANE,20.502670370042324,-11.687733,ANE,21.50245673954487,-7.874533,0.9293314723353678,0.9997863695025444,3.8132,343.2056113548724,ANE-ANE,"[0,1)"
eDNA1,eDNA3,-2.08779926269865,1,Homogeneous Selection,eDNA1,eDNA3,0.41972747567865204,ANW,26.81560716032982,-77.936917,ANW,26.101474039256573,-75.508383,0.580272524321348,0.714133121073246,2.428533999999999,278.7312022948026,ANW-ANW,"[0,1)"
eDNA18,eDNA3,-2.85891499035428,0.96,Homogeneous Selection,eDNA18,eDNA3,0.6194462296934965,ANC,21.02490310370922,-34.595667,ANW,26.101474039256573,-75.508383,0.3805537703065035,5.076570935547352,40.912715999999996,3824.6719561845985,ANC-ANW,"[4,6)"
eDNA19,eDNA3,-2.94448788674015,1,Homogeneous Selection,eDNA19,eDNA3,0.6115658447769851,ANC,20.126926481723785,-32.055683,ANW,26.101474039256573,-75.508383,0.38843415522301494,5.974547557532787,43.45269999999999,4044.4073723413235,ANC-ANW,"[4,6)"
eDNA25,eDNA3,-2.33654127601064,1,Homogeneous Selection,eDNA25,eDNA3,0.572294285554214,ANE,19.737266153097153,-17.887783,ANW,26.101474039256573,-75.508383,0.427705714445786,6.36420788615942,57.620599999999996,5317.296016325873,ANE-ANW,"[6,8)"
eDNA26,eDNA3,-2.91357257884863,0.99,Homogeneous Selection,eDNA26,eDNA3,0.5557655082200271,ANE,20.25656910985708,-14.5402,ANW,26.101474039256573,-75.508383,0.4442344917799729,5.844904929399494,60.968182999999996,5606.9305426038545,ANE-ANW,"[4,6)"
eDNA27,eDNA3,-2.17644122489104,1,Homogeneous Selection,eDNA27,eDNA3,0.5184935157877725,ANE,20.502670370042324,-11.687733,ANW,26.101474039256573,-75.508383,0.4815064842122275,5.598803669214249,63.82064999999999,5853.749411378105,ANE-ANW,"[4,6)"
eDNA28,eDNA3,-2.58404651838751,0.99,Homogeneous Selection,eDNA28,eDNA3,0.5254647098688053,ANE,21.50245673954487,-7.874533,ANW,26.101474039256573,-75.508383,0.47453529013119466,4.599017299711704,67.63385,6190.281989682881,ANE-ANW,"[4,6)"
eDNA1,eDNA4,-2.31064055735755,1,Homogeneous Selection,eDNA1,eDNA4,0.3566961739515855,ANW,26.81560716032982,-77.936917,ANW,27.20014037936926,-74.85995,0.6433038260484145,0.38453321903944016,3.0769669999999962,362.95081453058395,ANW-ANW,"[0,1)"
eDNA18,eDNA4,-1.8036157582196,0.98,Dispersal Limitation,eDNA18,eDNA4,0.6133928958277252,ANC,21.02490310370922,-34.595667,ANW,27.20014037936926,-74.85995,0.38660710417227484,6.175237275660038,40.264283,3746.7032499148745,ANC-ANW,"[6,8)"
eDNA19,eDNA4,-1.9753807878331,1,Dispersal Limitation,eDNA19,eDNA4,0.6057364433108838,ANC,20.126926481723785,-32.055683,ANW,27.20014037936926,-74.85995,0.39426355668911617,7.0732138976454735,42.804266999999996,3965.0799275241397,ANC-ANW,"[6,8)"
eDNA25,eDNA4,-1.92391819601449,1,Dispersal Limitation,eDNA25,eDNA4,0.5692023714274771,ANE,19.737266153097153,-17.887783,ANW,27.20014037936926,-74.85995,0.4307976285725229,7.462874226272106,56.972167,5237.666158414946,ANE-ANW,"[6,8)"
eDNA26,eDNA4,-1.84437168368296,0.99,Dispersal Limitation,eDNA26,eDNA4,0.5653781278452119,ANE,20.25656910985708,-14.5402,ANW,27.20014037936926,-74.85995,0.4346218721547881,6.94357126951218,60.31975,5526.736863971302,ANE-ANW,"[6,8)"
eDNA27,eDNA4,-1.929662580091,1,Dispersal Limitation,eDNA27,eDNA4,0.5303710587014971,ANE,20.502670370042324,-11.687733,ANW,27.20014037936926,-74.85995,0.46962894129850286,6.697470009326935,63.172216999999996,5773.1391210143365,ANE-ANW,"[6,8)"
eDNA28,eDNA4,-1.82956149145201,1,Dispersal Limitation,eDNA28,eDNA4,0.5368738389403985,ANE,21.50245673954487,-7.874533,ANW,27.20014037936926,-74.85995,0.46312616105960147,5.69768363982439,66.985417,6109.298385122795,ANE-ANW,"[4,6)"
eDNA3,eDNA4,-4.30867110854336,0.37,Homogeneous Selection,eDNA3,eDNA4,0.0743636743723761,ANW,26.101474039256573,-75.508383,ANW,27.20014037936926,-74.85995,0.9256363256276239,1.0986663401126862,0.6484329999999972,85.54951479199698,ANW-ANW,"[1,2)"
eDNA1,eDNA6,-3.7358411726603,1,Homogeneous Selection,eDNA1,eDNA6,0.21492668483811336,ANW,26.81560716032982,-77.936917,ANW,24.7383953332901,-69.329683,0.7850733151618866,2.0772118270397186,8.607233999999991,869.0880432672395,ANW-ANW,"[2,4)"
eDNA18,eDNA6,-2.32472929484582,0.83,Homogeneous Selection,eDNA18,eDNA6,0.6078016954258763,ANC,21.02490310370922,-34.595667,ANW,24.7383953332901,-69.329683,0.39219830457412375,3.713492229580879,34.734016000000004,3228.3203643963157,ANC-ANW,"[2,4)"
eDNA19,eDNA6,-2.5791122822446,1,Homogeneous Selection,eDNA19,eDNA6,0.5996621501818039,ANC,20.126926481723785,-32.055683,ANW,24.7383953332901,-69.329683,0.4003378498181961,4.611468851566315,37.274,3451.6156793216564,ANC-ANW,"[4,6)"
eDNA25,eDNA6,-1.76321278753799,0.98,Dispersal Limitation,eDNA25,eDNA6,0.5627015188873778,ANE,19.737266153097153,-17.887783,ANW,24.7383953332901,-69.329683,0.43729848111262215,5.001129180192947,51.441900000000004,4724.9908141509595,ANE-ANW,"[4,6)"
eDNA26,eDNA6,-2.15877323367734,0.75,Homogeneous Selection,eDNA26,eDNA6,0.5480002364518741,ANE,20.25656910985708,-14.5402,ANW,24.7383953332901,-69.329683,0.4519997635481259,4.481826223433021,54.789483000000004,5016.553950732773,ANE-ANW,"[4,6)"
eDNA27,eDNA6,-1.99009188721624,1,Dispersal Limitation,eDNA27,eDNA6,0.5117264218405785,ANE,20.502670370042324,-11.687733,ANW,24.7383953332901,-69.329683,0.4882735781594215,4.235724963247776,57.64195,5264.98353624339,ANE-ANW,"[4,6)"
eDNA28,eDNA6,-2.00162044467661,1,Homogeneous Selection,eDNA28,eDNA6,0.5185330349807802,ANE,21.50245673954487,-7.874533,ANW,24.7383953332901,-69.329683,0.4814669650192198,3.2359385937452316,61.45515,5603.076132448987,ANE-ANW,"[2,4)"
eDNA3,eDNA6,-2.33587822928246,0.65,Homogeneous Selection,eDNA3,eDNA6,0.20004572664586548,ANW,26.101474039256573,-75.508383,ANW,24.7383953332901,-69.329683,0.7999542733541345,1.3630787059664726,6.178699999999992,600.7225251101054,ANW-ANW,"[1,2)"
eDNA4,eDNA6,-3.75235271216313,0.85,Homogeneous Selection,eDNA4,eDNA6,0.13264405834738283,ANW,27.20014037936926,-74.85995,ANW,24.7383953332901,-69.329683,0.8673559416526172,2.461745046079159,5.530266999999995,528.7750470140396,ANW-ANW,"[2,4)"
eDNA1,eDNA7,-2.23381980910041,1,Homogeneous Selection,eDNA1,eDNA7,0.40823725334171085,ANW,26.81560716032982,-77.936917,ANW,24.250587478280067,-67.287833,0.5917627466582891,2.5650196820497513,10.649083999999988,1058.195945192052,ANW-ANW,"[2,4)"
eDNA18,eDNA7,-2.85326177164069,0.89,Homogeneous Selection,eDNA18,eDNA7,0.5881525188360879,ANC,21.02490310370922,-34.595667,ANW,24.250587478280067,-67.287833,0.4118474811639121,3.2256843745708466,32.69216600000001,3041.715257805303,ANC-ANW,"[2,4)"
eDNA19,eDNA7,-2.85637894662269,0.99,Homogeneous Selection,eDNA19,eDNA7,0.5793794626057042,ANC,20.126926481723785,-32.055683,ANW,24.250587478280067,-67.287833,0.42062053739429583,4.123660996556282,35.232150000000004,3267.4676251806513,ANC-ANW,"[4,6)"
eDNA25,eDNA7,-2.29532059967869,0.94,Homogeneous Selection,eDNA25,eDNA7,0.5452163610785562,ANE,19.737266153097153,-17.887783,ANW,24.250587478280067,-67.287833,0.4547836389214438,4.513321325182915,49.40005000000001,4540.745492647285,ANE-ANW,"[4,6)"
eDNA26,eDNA7,-2.37974953249464,0.9,Homogeneous Selection,eDNA26,eDNA7,0.5469087080846567,ANE,20.25656910985708,-14.5402,ANW,24.250587478280067,-67.287833,0.45309129191534325,3.9940183684229886,52.74763300000001,4833.403936853191,ANE-ANW,"[2,4)"
eDNA27,eDNA7,-2.14100272953173,1,Homogeneous Selection,eDNA27,eDNA7,0.5115092185592442,ANE,20.502670370042324,-11.687733,ANW,24.250587478280067,-67.287833,0.48849078144075575,3.7479171082377434,55.600100000000005,5082.702686597132,ANE-ANW,"[2,4)"
eDNA28,eDNA7,-2.39462863752456,0.99,Homogeneous Selection,eDNA28,eDNA7,0.5181509753379436,ANE,21.50245673954487,-7.874533,ANW,24.250587478280067,-67.287833,0.48184902466205637,2.748130738735199,59.41330000000001,5421.579805638604,ANE-ANW,"[2,4)"
eDNA3,eDNA7,-2.53720414681349,-0.6,Homogeneous Selection,eDNA3,eDNA7,0.07510007939863782,ANW,26.101474039256573,-75.508383,ANW,24.250587478280067,-67.287833,0.9248999206013622,1.8508865609765053,8.220549999999989,792.887806148248,ANW-ANW,"[1,2)"
eDNA4,eDNA7,-2.58256873874637,-0.3,Homogeneous Selection,eDNA4,eDNA7,0.04378862872961666,ANW,27.20014037936926,-74.85995,ANW,24.250587478280067,-67.287833,0.9562113712703834,2.9495529010891914,7.5721169999999915,721.9813691972007,ANW-ANW,"[2,4)"
eDNA6,eDNA7,-4.27674607656944,-0.12,Homogeneous Selection,eDNA6,eDNA7,0.17803505045503448,ANW,24.7383953332901,-69.329683,ANW,24.250587478280067,-67.287833,0.8219649495449655,0.48780785501003265,2.0418499999999966,193.34967012397314,ANW-ANW,"[0,1)"
eDNA1,eDNA9,-2.70693367805241,1,Homogeneous Selection,eDNA1,eDNA9,0.3836664571187789,ANW,26.81560716032982,-77.936917,ANW,23.814783163368705,-62.128333,0.6163335428812211,3.0008239969611132,15.808583999999996,1541.9569905427493,ANW-ANW,"[2,4)"
eDNA18,eDNA9,-4.3780148314266,0.76,Homogeneous Selection,eDNA18,eDNA9,0.5677088416661028,ANC,21.02490310370922,-34.595667,ANW,23.814783163368705,-62.128333,0.4322911583338972,2.7898800596594846,27.532666,2570.1365739278776,ANC-ANW,"[2,4)"
eDNA19,eDNA9,-4.1864058279619,0.99,Homogeneous Selection,eDNA19,eDNA9,0.5572022848924076,ANC,20.126926481723785,-32.055683,ANW,23.814783163368705,-62.128333,0.44279771510759236,3.68785668164492,30.072649999999996,2802.274578453844,ANC-ANW,"[2,4)"
eDNA25,eDNA9,-4.01266453162756,0.93,Homogeneous Selection,eDNA25,eDNA9,0.5225875967282001,ANE,19.737266153097153,-17.887783,ANW,23.814783163368705,-62.128333,0.4774124032717999,4.077517010271553,44.24055,4073.7356774557843,ANE-ANW,"[4,6)"
eDNA26,eDNA9,-4.5558144008970904,0.93,Homogeneous Selection,eDNA26,eDNA9,0.49118151778406965,ANE,20.25656910985708,-14.5402,ANW,23.814783163368705,-62.128333,0.5088184822159303,3.5582140535116267,47.588133,4368.935536287189,ANE-ANW,"[2,4)"
eDNA27,eDNA9,-4.24505678158715,1,Homogeneous Selection,eDNA27,eDNA9,0.4519849230218172,ANE,20.502670370042324,-11.687733,ANW,23.814783163368705,-62.128333,0.5480150769781829,3.3121127933263814,50.440599999999996,4620.225748927848,ANE-ANW,"[2,4)"
eDNA28,eDNA9,-4.66566865211803,0.96,Homogeneous Selection,eDNA28,eDNA9,0.4595672598416801,ANE,21.50245673954487,-7.874533,ANW,23.814783163368705,-62.128333,0.5404327401583199,2.312326423823837,54.2538,4960.7961509627585,ANE-ANW,"[2,4)"
eDNA3,eDNA9,-3.2524612074836,-0.4,Homogeneous Selection,eDNA3,eDNA9,0.08597826755527592,ANW,26.101474039256573,-75.508383,ANW,23.814783163368705,-62.128333,0.9140217324447241,2.2866908758878672,13.380049999999997,1280.1674714883106,ANW-ANW,"[2,4)"
eDNA4,eDNA9,-4.34628012333477,0.67,Homogeneous Selection,eDNA4,eDNA9,0.12118994661001033,ANW,27.20014037936926,-74.85995,ANW,23.814783163368705,-62.128333,0.8788100533899896,3.3853572160005534,12.731617,1209.867072875066,ANW-ANW,"[2,4)"
eDNA6,eDNA9,-2.9500959375383,0.32,Homogeneous Selection,eDNA6,eDNA9,0.15400792578537953,ANW,24.7383953332901,-69.329683,ANW,23.814783163368705,-62.128333,0.8459920742146205,0.9236121699213946,7.201350000000005,681.1592722332905,ANW-ANW,"[0,1)"
eDNA7,eDNA9,-1.61656311305059,-0.65,Drift,eDNA7,eDNA9,0.11311926581901043,ANW,24.250587478280067,-67.287833,ANW,23.814783163368705,-62.128333,0.8868807341809896,0.43580431491136196,5.159500000000008,487.88570788913285,ANW-ANW,"[0,1)"
eDNA1,eDNA15,-1.35156063339496,1,Dispersal Limitation,eDNA1,eDNA15,0.5375360242807414,ANW,26.81560716032982,-77.936917,ANC,21.62990203499794,-44.0762,0.46246397571925857,5.185705125331879,33.860716999999994,3236.2118883380613,ANC-ANW,"[4,6)"
eDNA18,eDNA15,-4.04589268961822,-0.49,Homogeneous Selection,eDNA15,eDNA18,0.30927255242416624,ANC,21.02490310370922,-34.595667,ANC,21.62990203499794,-44.0762,0.6907274475758338,0.6049989312887192,9.480533000000001,881.7471952942735,ANC-ANC,"[0,1)"
eDNA19,eDNA15,-3.70639041586222,-0.01,Homogeneous Selection,eDNA15,eDNA19,0.3035263092493601,ANC,20.126926481723785,-32.055683,ANC,21.62990203499794,-44.0762,0.6964736907506399,1.5029755532741547,12.020516999999998,1130.2905493672547,ANC-ANC,"[1,2)"
eDNA25,eDNA15,-4.05243527361071,-0.15,Homogeneous Selection,eDNA15,eDNA25,0.34837296187375877,ANE,19.737266153097153,-17.887783,ANC,21.62990203499794,-44.0762,0.6516270381262412,1.8926358819007874,26.188417,2386.6578780691893,ANC-ANE,"[1,2)"
eDNA26,eDNA15,-3.21896775595567,0.39,Homogeneous Selection,eDNA15,eDNA26,0.337519228186771,ANE,20.25656910985708,-14.5402,ANC,21.62990203499794,-44.0762,0.6624807718132291,1.3733329251408612,29.536,2685.734294561717,ANC-ANE,"[1,2)"
eDNA27,eDNA15,-3.69134303961301,0.47,Homogeneous Selection,eDNA15,eDNA27,0.2897750909592377,ANE,20.502670370042324,-11.687733,ANC,21.62990203499794,-44.0762,0.7102249090407623,1.127231664955616,32.388467,2940.085219319752,ANC-ANE,"[1,2)"
eDNA28,eDNA15,-3.64631723677644,0.01,Homogeneous Selection,eDNA15,eDNA28,0.2856433549521445,ANE,21.50245673954487,-7.874533,ANC,21.62990203499794,-44.0762,0.7143566450478556,0.1274452954530716,36.201667,3282.8182863479183,ANC-ANE,"[0,1)"
eDNA3,eDNA15,-2.42679601164098,0.65,Homogeneous Selection,eDNA15,eDNA3,0.2960930932499172,ANW,26.101474039256573,-75.508383,ANC,21.62990203499794,-44.0762,0.7039069067500827,4.471572004258633,31.432182999999995,2967.697063075061,ANC-ANW,"[4,6)"
eDNA4,eDNA15,-2.85475934426621,0.82,Homogeneous Selection,eDNA15,eDNA4,0.32092802228911765,ANW,27.20014037936926,-74.85995,ANC,21.62990203499794,-44.0762,0.6790719777108823,5.570238344371319,30.783749999999998,2892.2546570299946,ANC-ANW,"[4,6)"
eDNA6,eDNA15,-1.85390850882782,0.67,Drift,eDNA15,eDNA6,0.29582881639334124,ANW,24.7383953332901,-69.329683,ANC,21.62990203499794,-44.0762,0.7041711836066588,3.10849329829216,25.253483000000003,2367.805888751427,ANC-ANW,"[2,4)"
eDNA7,eDNA15,-2.1357517849195,-0.51,Homogeneous Selection,eDNA15,eDNA7,0.30103385172365715,ANW,24.250587478280067,-67.287833,ANC,21.62990203499794,-44.0762,0.6989661482763428,2.6206854432821274,23.211633000000006,2178.0633636170364,ANC-ANW,"[2,4)"
eDNA9,eDNA15,-3.34367454653423,-0.49,Homogeneous Selection,eDNA15,eDNA9,0.23812103130338777,ANW,23.814783163368705,-62.128333,ANC,21.62990203499794,-44.0762,0.7618789686966122,2.1848811283707654,18.052132999999998,1698.964214923562,ANC-ANW,"[2,4)"
eDNA1,eDNA16,-1.34082042810894,1,Dispersal Limitation,eDNA1,eDNA16,0.5908398857814691,ANW,26.81560716032982,-77.936917,ANC,21.18457594513893,-40.685317,0.40916011421853093,5.6310312151908875,37.251599999999996,3547.4825734287647,ANC-ANW,"[4,6)"
eDNA18,eDNA16,-3.52707820611339,-0.88,Homogeneous Selection,eDNA16,eDNA18,0.21472089417726992,ANC,21.02490310370922,-34.595667,ANC,21.18457594513893,-40.685317,0.7852791058227301,0.1596728414297104,6.089649999999999,570.969413574995,ANC-ANC,"[0,1)"
eDNA19,eDNA16,-4.23582089348374,-0.62,Homogeneous Selection,eDNA16,eDNA19,0.20037638322685863,ANC,20.126926481723785,-32.055683,ANC,21.18457594513893,-40.685317,0.7996236167731414,1.0576494634151459,8.629633999999996,825.2192323178361,ANC-ANC,"[1,2)"
eDNA25,eDNA16,-3.75274879851899,-0.56,Homogeneous Selection,eDNA16,eDNA25,0.27787174063239595,ANE,19.737266153097153,-17.887783,ANC,21.18457594513893,-40.685317,0.722128259367604,1.4473097920417786,22.797534,2073.8652235345166,ANC-ANE,"[1,2)"
eDNA26,eDNA16,-2.774963006954,-0.49,Homogeneous Selection,eDNA16,eDNA26,0.2869936731255549,ANE,20.25656910985708,-14.5402,ANC,21.18457594513893,-40.685317,0.7130063268744451,0.9280068352818525,26.145117,2373.4666825769154,ANC-ANE,"[0,1)"
eDNA27,eDNA16,-3.44040987941636,-0.2,Homogeneous Selection,eDNA16,eDNA27,0.2386636398954719,ANE,20.502670370042324,-11.687733,ANC,21.18457594513893,-40.685317,0.7613363601045281,0.6819055750966072,28.997583999999996,2628.2218713383977,ANC-ANE,"[0,1)"
eDNA28,eDNA16,-3.53525417521373,-0.22,Homogeneous Selection,eDNA16,eDNA28,0.2348877174092658,ANE,21.50245673954487,-7.874533,ANC,21.18457594513893,-40.685317,0.7651122825907342,0.3178807944059372,32.810784,2971.1520684560787,ANC-ANE,"[0,1)"
eDNA3,eDNA16,-2.58045244046003,0.46,Homogeneous Selection,eDNA16,eDNA3,0.3932476614823515,ANW,26.101474039256573,-75.508383,ANC,21.18457594513893,-40.685317,0.6067523385176485,4.9168980941176414,34.823066,3277.9585555997387,ANC-ANW,"[4,6)"
eDNA4,eDNA16,-2.63727800480153,0.62,Homogeneous Selection,eDNA16,eDNA4,0.40037947939053364,ANW,27.20014037936926,-74.85995,ANC,21.18457594513893,-40.685317,0.5996205206094664,6.015564434230328,34.174633,3201.862056739072,ANC-ANW,"[6,8)"
eDNA6,eDNA16,-1.82485176796437,0.24,Drift,eDNA16,eDNA6,0.38882688682762007,ANW,24.7383953332901,-69.329683,ANC,21.18457594513893,-40.685317,0.6111731131723799,3.553819388151169,28.644366000000005,2678.668035171355,ANC-ANW,"[2,4)"
eDNA7,eDNA16,-2.20571068502378,-0.34,Homogeneous Selection,eDNA16,eDNA7,0.3751080353251398,ANW,24.250587478280067,-67.287833,ANC,21.18457594513893,-40.685317,0.6248919646748602,3.066011533141136,26.60251600000001,2489.5813044952342,ANC-ANW,"[2,4)"
eDNA9,eDNA16,-3.2006473081567,-0.17,Homogeneous Selection,eDNA16,eDNA9,0.3377529336733716,ANW,23.814783163368705,-62.128333,ANC,21.18457594513893,-40.685317,0.6622470663266284,2.630207218229774,21.443016,2011.8954309935643,ANC-ANW,"[2,4)"
eDNA15,eDNA16,-5.72059009603244,-1,Homogeneous Selection,eDNA15,eDNA16,0.09619324709420754,ANC,21.62990203499794,-44.0762,ANC,21.18457594513893,-40.685317,0.9038067529057925,0.4453260898590088,3.3908830000000023,313.75795058645343,ANC-ANC,"[0,1)"
eDNA1,eDNA17,-1.27629943803483,1,Dispersal Limitation,eDNA1,eDNA17,0.5750493219392816,ANW,26.81560716032982,-77.936917,ANC,20.84838404506445,-37.395217,0.4249506780607184,5.967223115265369,40.54169999999999,3845.2985364071587,ANC-ANW,"[4,6)"
eDNA18,eDNA17,-4.56831050113414,-1,Homogeneous Selection,eDNA17,eDNA18,0.14891972039646323,ANC,21.02490310370922,-34.595667,ANC,20.84838404506445,-37.395217,0.8510802796035368,0.17651905864477158,2.7995500000000035,256.1678740926174,ANC-ANC,"[0,1)"
eDNA19,eDNA17,-3.25392071729862,-0.87,Homogeneous Selection,eDNA17,eDNA19,0.1380295144827965,ANC,20.126926481723785,-32.055683,ANC,20.84838404506445,-37.395217,0.8619704855172035,0.7214575633406639,5.3395340000000004,509.43064827156564,ANC-ANC,"[0,1)"
eDNA25,eDNA17,-4.51969479189967,-0.87,Homogeneous Selection,eDNA17,eDNA25,0.20423411062088406,ANE,19.737266153097153,-17.887783,ANC,20.84838404506445,-37.395217,0.795765889379116,1.1111178919672966,19.507434000000003,1761.862848087042,ANC-ANE,"[1,2)"
eDNA26,eDNA17,-2.5692994700947702,-0.83,Homogeneous Selection,eDNA17,eDNA26,0.2133975388212202,ANE,20.25656910985708,-14.5402,ANC,20.84838404506445,-37.395217,0.7866024611787799,0.5918149352073705,22.855017000000004,2060.3751165636572,ANC-ANE,"[0,1)"
eDNA27,eDNA17,-5.4607968506816,-0.25,Homogeneous Selection,eDNA17,eDNA27,0.1638028509152571,ANE,20.502670370042324,-11.687733,ANC,20.84838404506445,-37.395217,0.8361971490847429,0.34571367502212524,25.707484,2314.5250643964687,ANC-ANE,"[0,1)"
eDNA28,eDNA17,-5.02970390624586,-0.77,Homogeneous Selection,eDNA17,eDNA28,0.16051387053751795,ANE,21.50245673954487,-7.874533,ANC,20.84838404506445,-37.395217,0.839486129462482,0.6540726944804192,29.520684000000003,2657.206439745521,ANC-ANE,"[0,1)"
eDNA3,eDNA17,-4.19306552479482,0.31,Homogeneous Selection,eDNA17,eDNA3,0.45878894323568287,ANW,26.101474039256573,-75.508383,ANC,20.84838404506445,-37.395217,0.5412110567643171,5.253089994192123,38.11316599999999,3573.615381838049,ANC-ANW,"[4,6)"
eDNA4,eDNA17,-4.03733730693804,0.31,Homogeneous Selection,eDNA17,eDNA4,0.46214505038184023,ANW,27.20014037936926,-74.85995,ANC,20.84838404506445,-37.395217,0.5378549496181597,6.35175633430481,37.464732999999995,3496.1867565815405,ANC-ANW,"[6,8)"
eDNA6,eDNA17,-2.37968105427168,0.37,Homogeneous Selection,eDNA17,eDNA6,0.4523461976056327,ANW,24.7383953332901,-69.329683,ANC,20.84838404506445,-37.395217,0.5476538023943673,3.890011288225651,31.934466,2976.2488556415747,ANC-ANW,"[2,4)"
eDNA7,eDNA17,-3.10787685332032,0.05,Homogeneous Selection,eDNA17,eDNA7,0.4370184213264792,ANW,24.250587478280067,-67.287833,ANC,20.84838404506445,-37.395217,0.5629815786735208,3.402203433215618,29.892616000000004,2788.904403725982,ANC-ANW,"[2,4)"
eDNA9,eDNA17,-4.03657324735183,0.13,Homogeneous Selection,eDNA17,eDNA9,0.4046800857742617,ANW,23.814783163368705,-62.128333,ANC,20.84838404506445,-37.395217,0.5953199142257384,2.966399118304256,24.733115999999995,2315.6605476561717,ANC-ANW,"[2,4)"
eDNA15,eDNA17,-5.87163220141784,-0.99,Homogeneous Selection,eDNA15,eDNA17,0.15966581100915053,ANC,21.62990203499794,-44.0762,ANC,20.84838404506445,-37.395217,0.8403341889908494,0.7815179899334908,6.680982999999998,625.6348928281136,ANC-ANC,"[0,1)"
eDNA16,eDNA17,-3.87045829240839,-1,Homogeneous Selection,eDNA16,eDNA17,0.08101322722140016,ANC,21.18457594513893,-40.685317,ANC,20.84838404506445,-37.395217,0.9189867727785999,0.33619190007448196,3.2900999999999954,316.2273880311684,ANC-ANC,"[0,1)"
