Module,Rank,Taxon,ASV_count,Degree_sum,Mean_relative_abundance_pct_sum,Percent_nodes_within_module,Percent_degree_within_module,Percent_abundance_within_module
1,Class,Alphaproteobacteria,66,1953,37.69851078970199,42.857142857142854,40.77244258872651,61.306153563902726
1,Class,Cyanobacteriia,9,471,12.233578180611078,5.8441558441558445,9.832985386221294,19.894515907016313
1,Class,Gammaproteobacteria,40,1137,10.000597621955446,25.974025974025974,23.73695198329854,16.263193444497535
1,Class,Bacteroidia,23,810,0.8753207896030774,14.935064935064934,16.910229645093946,1.4234660632732927
1,Class,Acidimicrobiia,4,80,0.36886482381601804,2.5974025974025974,1.6701461377870563,0.5998561497385209
1,Class,Verrucomicrobiae,5,195,0.20048223581081884,3.2467532467532467,4.07098121085595,0.32602865412949056
1,Class,Unclassified class,2,79,0.08120074143149045,1.2987012987012987,1.649269311064718,0.13205044494918267
1,Class,Planctomycetes,2,21,0.013398877393703221,1.2987012987012987,0.4384133611691023,0.021789551307863954
1,Class,OM190,1,11,0.007881122964173124,0.6493506493506493,0.22964509394572025,0.012816456793024879
1,Class,Thermoplasmata,1,21,0.007839299243227895,0.6493506493506493,0.4384133611691023,0.0127484421313003
1,Class,Bdellovibrionia,1,12,0.00453893843787057,0.6493506493506493,0.25052192066805845,0.007381322260751128
2,Class,Cyanobacteriia,12,290,10.908326294243238,10.256410256410257,10.35344519814352,48.655166918516
2,Class,Alphaproteobacteria,31,856,4.516127967800832,26.495726495726494,30.560514102106392,20.143599867808305
2,Class,Gammaproteobacteria,31,711,2.4762856025340043,26.495726495726494,25.38379150303463,11.045149006295699
2,Class,Bacteroidia,22,544,1.9078394049981353,18.803418803418804,19.4216351303106,8.509668871281807
2,Class,Verrucomicrobiae,5,104,1.6235734407141822,4.273504273504273,3.7129596572652623,7.241737607730604
2,Class,Phycisphaerae,3,35,0.3863939562990238,2.5641025641025643,1.2495537308104248,1.723459853777598
2,Class,Polyangia,2,61,0.2269681697325382,1.7094017094017093,2.1777936451267403,1.0123619229610543
2,Class,Rhodothermia,1,29,0.1648211707451883,0.8547008547008547,1.035344519814352,0.7351633383523303
2,Class,Unclassified class,4,57,0.07163913504486533,3.4188034188034186,2.0349875044626917,0.3195370196567672
2,Class,Kiritimatiellae,2,39,0.05140528320349925,1.7094017094017093,1.3923598714744734,0.2292865621447161
2,Class,Acidimicrobiia,1,28,0.0511489070662086,0.8547008547008547,0.9996429846483399,0.22814302981745305
2,Class,Bdellovibrionia,2,23,0.02328179195132509,1.7094017094017093,0.8211353088182792,0.10384539690123662
2,Class,Bacilli,1,24,0.01185565537748895,0.8547008547008547,0.8568368439842913,0.05288060475643708
3,Class,Gammaproteobacteria,12,330,4.169552190388025,19.672131147540984,21.596858638743456,51.169128834474165
3,Class,Alphaproteobacteria,24,621,1.9963753814723222,39.34426229508197,40.6413612565445,24.49970270956682
3,Class,Bacteroidia,12,326,1.5880507515586946,19.672131147540984,21.335078534031414,19.488705211441005
3,Class,Phycisphaerae,3,98,0.2052890173276962,4.918032786885246,6.4136125654450264,2.5193257444190724
3,Class,Planctomycetes,5,91,0.12358142208595928,8.19672131147541,5.955497382198953,1.5166026037140217
3,Class,OM190,2,22,0.03515558097021929,3.278688524590164,1.4397905759162304,0.43143253034770923
3,Class,Actinobacteria,1,19,0.01695797022512252,1.639344262295082,1.243455497382199,0.20810977380756068
3,Class,KD4-96,1,8,0.00830047648211672,1.639344262295082,0.5235602094240838,0.10186421253583768
3,Class,Rhodothermia,1,13,0.005307031493289358,1.639344262295082,0.8507853403141361,0.06512837969380676
4,Class,Alphaproteobacteria,35,107,1.7642393099203388,28.225806451612904,24.941724941724942,54.17620197505265
4,Class,Gammaproteobacteria,36,139,1.0026089174097,29.032258064516128,32.4009324009324,30.788081246205426
4,Class,Bacteroidia,20,72,0.24835306892208542,16.129032258064516,16.783216783216783,7.626417769624803
4,Class,Cyanobacteriia,4,10,0.039337548644613654,3.225806451612903,2.331002331002331,1.20797613373113
4,Class,Verrucomicrobiae,3,14,0.03607849134097588,2.4193548387096775,3.2634032634032635,1.1078971105865187
4,Class,Planctomycetes,5,13,0.025374978561750475,4.032258064516129,3.0303030303030303,0.7792139966182353
4,Class,Bdellovibrionia,3,23,0.0249290680916113,2.4193548387096775,5.361305361305361,0.7655209927512365
4,Class,Unclassified class,7,13,0.024288765648040955,5.645161290322581,3.0303030303030303,0.745858606637896
4,Class,OM190,3,4,0.024084247099457542,2.4193548387096775,0.9324009324009324,0.7395782578590222
4,Class,Rhodothermia,2,12,0.022440959435078137,1.6129032258064515,2.797202797202797,0.6891162349872209
4,Class,Phycisphaerae,1,2,0.018704995057712018,0.8064516129032258,0.4662004662004662,0.5743923653048659
4,Class,Acidimicrobiia,1,11,0.009517626388230753,0.8064516129032258,2.5641025641025643,0.29226695416687115
4,Class,Hydrogenedentia,1,5,0.006933234667206983,0.8064516129032258,1.1655011655011656,0.21290553926496672
4,Class,Actinobacteria,1,1,0.004811889491520764,0.8064516129032258,0.2331002331002331,0.14776334225657475
4,Class,Fusobacteriia,1,1,0.002817896342702989,0.8064516129032258,0.2331002331002331,0.08653186704808916
4,Class,Desulfuromonadia,1,2,0.0019629306133725237,0.8064516129032258,0.4662004662004662,0.060277607904499986
1,Family,Clade I,14,309,15.252343759522256,9.090909090909092,6.450939457202505,24.8036993807759
1,Family,Cyanobiaceae,9,471,12.233578180611078,5.8441558441558445,9.832985386221294,19.894515907016313
1,Family,AEGEAN-169 marine group,8,323,10.994181894622418,5.194805194805195,6.74321503131524,17.87898220439304
1,Family,SAR86 clade,13,482,6.310462613082198,8.441558441558442,10.062630480167014,10.2622141276351
1,Family,Clade IV,5,219,5.289194862467462,3.2467532467532467,4.572025052192067,8.60140588249478
1,Family,Clade II,7,107,2.540557509781073,4.545454545454546,2.233820459290188,4.131510915680815
1,Family,SAR116 clade,4,144,1.8054376770038563,2.5974025974025974,3.0062630480167014,2.9360427549485486
1,Family,Halomonadaceae,3,50,1.5633352636385762,1.948051948051948,1.0438413361169103,2.542330445866627
1,Family,Rhodobacteraceae,9,293,1.0067526573623427,5.8441558441558445,6.116910229645094,1.6372034788701217
1,Family,Flavobacteriaceae,16,602,0.7435547163260224,10.38961038961039,12.5678496868476,1.209185155258161
1,Family,KI89A clade,1,15,0.5208094697070281,0.6493506493506493,0.31315240083507306,0.8469518996521138
1,Family,Ectothiorhodospiraceae,2,80,0.49298622589481944,1.2987012987012987,1.6701461377870563,0.8017051240616275
1,Family,Thiotrichaceae,2,95,0.3824845633756867,1.2987012987012987,1.9832985386221293,0.622004871994507
1,Family,Actinomarinaceae,3,69,0.36342364041882624,1.948051948051948,1.4405010438413361,0.5910075767331193
1,Family,Porticoccaceae,3,82,0.32141397622552187,1.948051948051948,1.7118997912317329,0.5226905299784174
1,Family,Parvibaculaceae,2,61,0.23989094314802417,1.2987012987012987,1.2734864300626305,0.39011596721321007
1,Family,S25-593,6,147,0.2352507285367883,3.896103896103896,3.068893528183716,0.38256994739527067
1,Family,Halieaceae,2,58,0.1795150554206073,1.2987012987012987,1.210855949895616,0.291931360791434
1,Family,Puniceicoccaceae,4,133,0.15534991911532392,2.5974025974025974,2.776617954070981,0.25263348068448205
1,Family,Nisaeaceae,1,50,0.11988948201555535,0.6493506493506493,1.0438413361169103,0.19496693214603483
1,Family,Unclassified family,5,152,0.11712301571370938,3.2467532467532467,3.173277661795407,0.1904680433470465
1,Family,Methylophilaceae,1,43,0.05864851880559405,0.6493506493506493,0.8977035490605428,0.09537552080633817
1,Family,Cellvibrionaceae,2,25,0.05119993014671289,1.2987012987012987,0.5219206680584552,0.08326246088460637
1,Family,NS7 marine group,2,41,0.04870526409734546,1.2987012987012987,0.8559498956158664,0.079205579678706
1,Family,Rubritaleaceae,1,62,0.045132316695494924,0.6493506493506493,1.2943632567849688,0.07339517344500851
1,Family,NS9 marine group,2,54,0.043387220165112254,1.2987012987012987,1.1273486430062631,0.07055725879972499
1,Family,Magnetospiraceae,1,7,0.0432955577257583,0.6493506493506493,0.14613778705636743,0.07040819530980565
1,Family,OCS116 clade,1,49,0.038235571047611626,0.6493506493506493,1.022964509394572,0.062179532855412334
1,Family,Hyphomonadaceae,3,85,0.03496525990611527,1.948051948051948,1.7745302713987474,0.05686128041406961
1,Family,Thalassospiraceae,1,18,0.03307231515315497,0.6493506493506493,0.3757828810020877,0.05378293171323263
1,Family,Coxiellaceae,3,59,0.032063881538247054,1.948051948051948,1.231732776617954,0.0521429946239555
1,Family,Cyclobacteriaceae,2,74,0.030810030606692594,1.2987012987012987,1.5448851774530272,0.05010395445642935
1,Family,MWH-UniP1 aquatic group,2,73,0.024639226695787834,1.2987012987012987,1.524008350730689,0.04006885640481082
1,Family,Clade III,1,56,0.022815417229876237,0.6493506493506493,1.1691022964509394,0.03710293703966129
1,Family,PS1 clade,1,35,0.01862057500265816,0.6493506493506493,0.7306889352818372,0.03028119166110311
1,Family,Pirellulaceae,2,21,0.013398877393703221,1.2987012987012987,0.4384133611691023,0.021789551307863954
1,Family,Alteromonadaceae,1,16,0.013358714854643973,0.6493506493506493,0.33402922755741127,0.02172423809693056
1,Family,OM182 clade,1,11,0.013028850430087745,0.6493506493506493,0.22964509394572025,0.02118780526063304
1,Family,Alcanivoracaceae1,1,2,0.012517815371030553,0.6493506493506493,0.04175365344467641,0.020356748724159553
1,Family,Litoricolaceae,1,12,0.009764617415868107,0.6493506493506493,0.25052192066805845,0.015879437204545908
1,Family,Crocinitomicaceae,1,39,0.00886355840790456,0.6493506493506493,0.81419624217119,0.014414115080271413
1,Family,Diplorickettsiaceae,1,32,0.007229560997512342,0.6493506493506493,0.6680584551148225,0.011756872285633251
1,Family,Methylophagaceae,1,2,0.007139338355523675,0.6493506493506493,0.04175365344467641,0.011610150226092129
1,Family,Microtrichaceae,1,11,0.005441183397191816,0.6493506493506493,0.22964509394572025,0.008848573005401638
1,Family,Bacteriovoracaceae,1,12,0.00453893843787057,0.6493506493506493,0.25052192066805845,0.007381322260751128
1,Family,Kiloniellaceae,1,9,0.0038047271022216673,0.6493506493506493,0.18789144050104384,0.006187331518179263
2,Family,Cyanobiaceae,12,290,10.908326294243238,10.256410256410257,10.35344519814352,48.655166918515995
2,Family,Flavobacteriaceae,17,433,1.8319536452687177,14.52991452991453,15.458764726883256,8.171190336007173
2,Family,SAR86 clade,14,410,1.8235851446029803,11.965811965811966,14.637629418064977,8.133863730094767
2,Family,Puniceicoccaceae,5,104,1.6235734407141822,4.273504273504273,3.7129596572652623,7.241737607730603
2,Family,Clade I,6,139,1.6059976175233928,5.128205128205129,4.9625133880756875,7.163342940390162
2,Family,SAR116 clade,9,232,1.1670295825790897,7.6923076923076925,8.282756158514816,5.205383264818344
2,Family,Clade IV,1,42,0.9724492789066236,0.8547008547008547,1.4994644769725098,4.337483194829085
2,Family,Rhodobacteraceae,4,114,0.46894640358145956,3.4188034188034186,4.069975008925383,2.091674279502892
2,Family,Phycisphaeraceae,3,35,0.3863939562990238,2.5641025641025643,1.2495537308104248,1.7234598537775978
2,Family,Halieaceae,2,20,0.26772705812506675,1.7094017094017093,0.7140307033202428,1.1941616294108162
2,Family,Nannocystaceae,2,61,0.2269681697325382,1.7094017094017093,2.1777936451267403,1.0123619229610543
2,Family,Balneolaceae,1,29,0.1648211707451883,0.8547008547008547,1.035344519814352,0.73516333835233
2,Family,Unclassified family,9,159,0.15518011034909818,7.6923076923076925,5.67654409139593,0.6921606457127806
2,Family,Ectothiorhodospiraceae,1,32,0.10079338746372954,0.8547008547008547,1.1424491253123885,0.44957576066628285
2,Family,Parvibaculaceae,1,38,0.0987282384540682,0.8547008547008547,1.3566583363084612,0.4403644328176001
2,Family,Porticoccaceae,2,68,0.07342779725783134,1.7094017094017093,2.427704391288825,0.32751511420447343
2,Family,KI89A clade,3,56,0.06141655280069144,2.5641025641025643,1.9992859692966798,0.27394052464808494
2,Family,Clade II,4,110,0.05660604997627568,3.4188034188034186,3.9271688682613353,0.2524839041207486
2,Family,S25-593,1,38,0.053182430986504145,0.8547008547008547,1.3566583363084612,0.23721329807913766
2,Family,Kiritimatiellaceae,2,39,0.05140528320349925,1.7094017094017093,1.3923598714744734,0.22928656214471604
2,Family,Actinomarinaceae,1,28,0.0511489070662086,0.8547008547008547,0.9996429846483399,0.228143029817453
2,Family,Litoricolaceae,2,32,0.050099614488943,1.7094017094017093,1.1424491253123885,0.2234627971111614
2,Family,PS1 clade,1,46,0.04595760631694715,0.8547008547008547,1.6422706176365585,0.20498790980487766
2,Family,Pseudoalteromonadaceae,1,12,0.040320096062204734,0.8547008547008547,0.42841842199214564,0.1798425304817368
2,Family,Bacteriovoracaceae,2,23,0.02328179195132509,1.7094017094017093,0.8211353088182792,0.1038453969012366
2,Family,MWH-UniP1 aquatic group,1,27,0.016835681646122213,0.8547008547008547,0.9639414494823277,0.07509336249974177
2,Family,Clade III,1,45,0.013105111129826378,0.8547008547008547,1.6065690824705463,0.058453639202551894
2,Family,Cyclobacteriaceae,1,25,0.011907895619102403,0.8547008547008547,0.8925383791503034,0.05311361554168536
2,Family,Aerococcaceae,1,24,0.01185565537748895,0.8547008547008547,0.8568368439842913,0.05288060475643707
2,Family,Thiotrichaceae,1,13,0.011846295463691491,0.8547008547008547,0.4641199571581578,0.05283885608153737
2,Family,Tenderiaceae,1,17,0.011542735350315516,0.8547008547008547,0.6069260978222063,0.05148486578204419
2,Family,NS9 marine group,1,20,0.010086624457719648,0.8547008547008547,0.7140307033202428,0.04499007303198589
2,Family,Pseudohongiellaceae,1,11,0.009889002077368272,0.8547008547008547,0.39271688682613354,0.04410860417567701
2,Family,Moraxellaceae,1,8,0.006090771876552589,0.8547008547008547,0.28561228132809713,0.027167093678950878
2,Family,NS7 marine group,1,16,0.004475912695008042,0.8547008547008547,0.5712245626561943,0.019964224887850147
2,Family,Diplorickettsiaceae,1,5,0.00271146531850721,0.8547008547008547,0.1785076758300607,0.012094137460424016
3,Family,Alteromonadaceae,2,27,2.864456220892585,3.278688524590164,1.7670157068062826,35.15287079160495
3,Family,Flavobacteriaceae,10,253,1.4478337244750938,16.39344262295082,16.55759162303665,17.767948929707064
3,Family,Marinobacteraceae,3,122,0.9736169591882278,4.918032786885246,7.984293193717278,11.948317072269374
3,Family,Kordiimonadaceae,1,46,0.6090050309912449,1.639344262295082,3.0104712041884816,7.473765879096463
3,Family,Sphingomonadaceae,6,181,0.5220620056934436,9.836065573770492,11.845549738219896,6.406793058135532
3,Family,Hyphomonadaceae,2,63,0.2972839740307989,3.278688524590164,4.12303664921466,3.6482963332786085
3,Family,Rhodobacteraceae,6,158,0.27692923185679164,9.836065573770492,10.340314136125654,3.3985010609960575
3,Family,Phycisphaeraceae,3,98,0.2052890173276962,4.918032786885246,6.4136125654450264,2.5193257444190724
3,Family,Unclassified family,8,137,0.20347952914735773,13.114754098360656,8.965968586387435,2.497119538669294
3,Family,Prolixibacteraceae,1,52,0.1302931084907648,1.639344262295082,3.4031413612565444,1.598969037964632
3,Family,Alcanivoracaceae,1,24,0.12222440722464585,1.639344262295082,1.5706806282722514,1.49994919224482
3,Family,Gimesiaceae,2,53,0.08865078817520504,3.278688524590164,3.468586387434555,1.0879306444159418
3,Family,S25-593,1,9,0.08036753914281368,1.639344262295082,0.5890052356020943,0.9862778487311795
3,Family,Moraxellaceae,1,25,0.06891163358667789,1.639344262295082,1.6361256544502618,0.8456899197279621
3,Family,Saccharospirillaceae,1,58,0.04727041516796731,1.639344262295082,3.7958115183246073,0.5801068923815784
3,Family,Halieaceae,1,23,0.041802197676454586,1.639344262295082,1.5052356020942408,0.5130004232592671
3,Family,Parvibaculaceae,1,16,0.0318757215218446,1.639344262295082,1.0471204188481675,0.391181792856105
3,Family,KI89A clade,1,17,0.031663116069606825,1.639344262295082,1.112565445026178,0.3885726791480322
3,Family,Pirellulaceae,2,31,0.023955300530724664,3.278688524590164,2.0287958115183247,0.29398165633972445
3,Family,Demequinaceae,1,19,0.01695797022512252,1.639344262295082,1.243455497382199,0.20810977380756068
3,Family,Thalassospiraceae,1,27,0.01490120029424548,1.639344262295082,1.7670157068062826,0.18286890362046138
3,Family,Colwelliaceae,1,21,0.014329926817925609,1.639344262295082,1.37434554973822,0.17585818285842936
3,Family,Isosphaeraceae,1,7,0.010975333380029576,1.639344262295082,0.4581151832460733,0.13469030295835557
3,Family,Cyclobacteriaceae,1,21,0.009923918592835913,1.639344262295082,1.37434554973822,0.12178724376931181
3,Family,Balneolaceae,1,13,0.005307031493289358,1.639344262295082,0.8507853403141361,0.06512837969380676
3,Family,Unknown Family,1,13,0.005277313763933626,1.639344262295082,0.8507853403141361,0.06476368097973936
3,Family,Clade III,1,14,0.003927206246117495,1.639344262295082,0.9162303664921466,0.04819503706666324
4,Family,AEGEAN-169 marine group,10,43,1.4353218109219414,8.064516129032258,10.023310023310023,44.07581436965973
4,Family,Pseudoalteromonadaceae,1,3,0.4617207562875502,0.8064516129032258,0.6993006993006993,14.17850560751753
4,Family,SAR116 clade,10,35,0.18165415487582592,8.064516129032258,8.158508158508159,5.57822973834803
4,Family,SAR86 clade,7,30,0.1557234677794208,5.645161290322581,6.993006993006993,4.78195106255423
4,Family,Alteromonadaceae,4,23,0.12759849597325118,3.225806451612903,5.361305361305361,3.918290364968647
4,Family,Unclassified family,16,34,0.1032643909245672,12.903225806451612,7.925407925407925,3.1710394775257305
4,Family,Flavobacteriaceae,9,20,0.09143233588853976,7.258064516129032,4.662004662004662,2.807701125519105
4,Family,NS9 marine group,5,24,0.07487869923002394,4.032258064516129,5.594405594405594,2.2993726022906533
4,Family,Halieaceae,4,21,0.05839897463956401,3.225806451612903,4.895104895104895,1.7933137683865885
4,Family,NS7 marine group,2,13,0.05588906755874511,1.6129032258064515,3.0303030303030303,1.7162396253355536
4,Family,Clade I,3,6,0.05352307029430664,2.4193548387096775,1.3986013986013985,1.6435846601333393
4,Family,Cellvibrionaceae,3,11,0.031454214657872515,2.4193548387096775,2.5641025641025643,0.9658949762028073
4,Family,Coxiellaceae,1,9,0.031160491558958062,0.8064516129032258,2.097902097902098,0.9568753370631228
4,Family,Puniceicoccaceae,2,12,0.031041435175998264,1.6129032258064515,2.797202797202797,0.9532193576200955
4,Family,S25-593,1,3,0.028259166931120204,0.8064516129032258,0.6993006993006993,0.8677815570135015
4,Family,Microcystaceae,2,8,0.02665152490161362,1.6129032258064515,1.8648018648018647,0.8184141391102778
4,Family,Balneolaceae,2,12,0.022440959435078137,1.6129032258064515,2.797202797202797,0.6891162349872209
4,Family,Ectothiorhodospiraceae,3,3,0.020998910228233962,2.4193548387096775,0.6993006993006993,0.6448338359676218
4,Family,Bacteriovoracaceae,2,17,0.020793214704129197,1.6129032258064515,3.9627039627039626,0.6385173446636346
4,Family,Porticoccaceae,3,10,0.020354084541262647,2.4193548387096775,2.331002331002331,0.6250325502465609
4,Family,Phycisphaeraceae,1,2,0.018704995057712018,0.8064516129032258,0.4662004662004662,0.5743923653048659
4,Family,Thiotrichaceae,2,5,0.01699801536292512,1.6129032258064515,1.1655011655011656,0.5219744896844296
4,Family,Clade II,1,1,0.01621541877022952,0.8064516129032258,0.2331002331002331,0.49794253957853435
4,Family,Idiomarinaceae,1,4,0.014634978436360274,0.8064516129032258,0.9324009324009324,0.44941043043905143
4,Family,Cyanobiaceae,2,2,0.012686023743000034,1.6129032258064515,0.4662004662004662,0.38956199462085234
4,Family,Cyclobacteriaceae,1,8,0.01088408485220688,0.8064516129032258,1.8648018648018647,0.3342281151718562
4,Family,Microtrichaceae,1,11,0.009517626388230753,0.8064516129032258,2.5641025641025643,0.29226695416687115
4,Family,Gimesiaceae,2,5,0.009075024962098898,1.6129032258064515,1.1655011655011656,0.2786755643130489
4,Family,Stappiaceae,2,4,0.008741290550278105,1.6129032258064515,0.9324009324009324,0.2684272591091222
4,Family,Comamonadaceae,1,3,0.00873851069399464,0.8064516129032258,0.6993006993006993,0.2683418953749463
4,Family,37-13,1,4,0.00870967709729158,0.8064516129032258,0.9324009324009324,0.2674564742476262
4,Family,Nisaeaceae,1,2,0.008296740516904022,0.8064516129032258,0.4662004662004662,0.2547760314889995
4,Family,Xanthomonadaceae,1,4,0.008055801132663827,0.8064516129032258,0.9324009324009324,0.24737727290169031
4,Family,Spongiibacteraceae,1,2,0.007260622940578518,0.8064516129032258,0.4662004662004662,0.22295896746073732
4,Family,Hydrogenedensaceae,1,5,0.006933234667206983,0.8064516129032258,1.1655011655011656,0.21290553926496672
4,Family,Isosphaeraceae,1,4,0.006520774340689597,0.8064516129032258,0.9324009324009324,0.20023972129432469
4,Family,OM182 clade,1,2,0.006298568920184348,0.8064516129032258,0.4662004662004662,0.1934162446414961
4,Family,Schlesneriaceae,1,3,0.005483551171479292,0.8064516129032258,0.6993006993006993,0.16838870675657533
4,Family,Pedosphaeraceae,1,2,0.005037056164977611,0.8064516129032258,0.4662004662004662,0.15467775296642325
4,Family,Micrococcaceae,1,1,0.004811889491520764,0.8064516129032258,0.2331002331002331,0.14776334225657475
4,Family,PS1 clade,1,2,0.0047390798061039355,0.8064516129032258,0.4662004662004662,0.1455275048615559
4,Family,Pirellulaceae,1,1,0.004295628087482688,0.8064516129032258,0.2331002331002331,0.13191000425428642
4,Family,Bdellovibrionaceae,1,6,0.004135853387482101,0.8064516129032258,1.3986013986013985,0.12700364808760173
4,Family,Marinifilaceae,1,1,0.0038512527680879273,0.8064516129032258,0.2331002331002331,0.1182641417452223
4,Family,Vibrionaceae,1,1,0.003308779533024239,0.8064516129032258,0.2331002331002331,0.10160589170872493
4,Family,Leptotrichiaceae,1,1,0.002817896342702989,0.8064516129032258,0.2331002331002331,0.08653186704808916
4,Family,Weeksellaceae,1,2,0.0027079515271902148,0.8064516129032258,0.4662004662004662,0.08315568531478512
4,Family,Rickettsiaceae,1,2,0.0020160801187025863,0.8064516129032258,0.4662004662004662,0.061909721144152066
4,Family,Legionellaceae,1,1,0.0014857203724165894,0.8064516129032258,0.2331002331002331,0.045623451717627814
4,Family,Sphingomonadaceae,1,1,9.625739226692174e-4,0.8064516129032258,0.2331002331002331,0.02955868796098921
1,Genus,Unclassified genus,72,2331,29.971513337440893,46.753246753246756,48.66388308977035,48.7403390934381
1,Genus,Clade Ia,10,254,13.131657272882471,6.4935064935064934,5.302713987473904,21.354992026363725
1,Genus,Prochlorococcus MIT9313,7,376,11.498155936838007,4.545454545454546,7.849686847599165,18.698555958821814
1,Genus,Clade Ib,4,55,2.1206864866397854,2.5974025974025974,1.1482254697286012,3.448707354412176
1,Genus,Halomonas,3,50,1.5633352636385762,1.948051948051948,1.0438413361169103,2.542330445866627
1,Genus,Synechococcus CC9902,2,95,0.7354222437730705,1.2987012987012987,1.9832985386221293,1.1959599481944991
1,Genus,Candidatus Actinomarina,3,69,0.36342364041882624,1.948051948051948,1.4405010438413361,0.5910075767331193
1,Genus,SAR92 clade,3,82,0.32141397622552187,1.948051948051948,1.7118997912317329,0.5226905299784174
1,Genus,NS4 marine group,5,195,0.2767457085253169,3.2467532467532467,4.07098121085595,0.4500500032918743
1,Genus,NS5 marine group,5,200,0.19454728086932183,3.2467532467532467,4.175365344467641,0.31637709889782734
1,Genus,OM60(NOR5) clade,2,58,0.1795150554206073,1.2987012987012987,1.210855949895616,0.291931360791434
1,Genus,Formosa,1,67,0.16393610108602438,0.6493506493506493,1.3987473903966596,0.2665965200565085
1,Genus,MB11C04 marine group,3,112,0.14502564194510487,1.948051948051948,2.338204592901879,0.23584391238655755
1,Genus,OM75 clade,1,50,0.11988948201555535,0.6493506493506493,1.0438413361169103,0.19496693214603483
1,Genus,Candidatus Puniceispirillum,2,65,0.1063654754805845,1.2987012987012987,1.3569937369519833,0.17297389305604957
1,Genus,Ascidiaceihabitans,2,104,0.08738407811862675,1.2987012987012987,2.1711899791231732,0.14210592407920825
1,Genus,OM43 clade,1,43,0.05864851880559405,0.6493506493506493,0.8977035490605428,0.09537552080633817
1,Genus,NS2b marine group,2,81,0.04547772646510195,1.2987012987012987,1.6910229645093946,0.07395688646587896
1,Genus,Roseibacillus,1,62,0.045132316695494924,0.6493506493506493,1.2943632567849688,0.07339517344500851
1,Genus,Magnetospira,1,7,0.0432955577257583,0.6493506493506493,0.14613778705636743,0.07040819530980565
1,Genus,Thalassospira,1,18,0.03307231515315497,0.6493506493506493,0.3757828810020877,0.05378293171323263
1,Genus,Coxiella,3,59,0.032063881538247054,1.948051948051948,1.231732776617954,0.0521429946239555
1,Genus,Agaribacterium,1,17,0.03145957315917175,0.6493506493506493,0.35490605427974947,0.051160254947732964
1,Genus,Marinoscillum,2,74,0.030810030606692594,1.2987012987012987,1.5448851774530272,0.05010395445642935
1,Genus,Mesonia,1,8,0.024104961297863985,0.6493506493506493,0.16701461377870563,0.03920002217653816
1,Genus,Zunongwangia,1,13,0.021799102026965313,0.6493506493506493,0.27139874739039666,0.035450182737334676
1,Genus,Halioxenophilus,1,8,0.01974035698754114,0.6493506493506493,0.16701461377870563,0.0321022059368734
1,Genus,Maricaulis,1,42,0.015604311438409221,0.6493506493506493,0.8768267223382046,0.025376077019026506
1,Genus,Aestuariibacter,1,16,0.013358714854643973,0.6493506493506493,0.33402922755741127,0.02172423809693056
1,Genus,Alcanivorax,1,2,0.012517815371030553,0.6493506493506493,0.04175365344467641,0.020356748724159553
1,Genus,Ponticaulis,1,41,0.010438772808012304,0.6493506493506493,0.8559498956158664,0.016975763641080246
1,Genus,Lentimonas,1,21,0.010324277170219057,0.6493506493506493,0.4384133611691023,0.016789568297924485
1,Genus,Epibacterium,1,10,0.009822462986948671,0.6493506493506493,0.20876826722338204,0.015973506953970214
1,Genus,Litoricola,1,12,0.009764617415868107,0.6493506493506493,0.25052192066805845,0.015879437204545908
1,Genus,Oceanicaulis,1,2,0.008922175659693747,0.6493506493506493,0.04175365344467641,0.01450943975396286
1,Genus,Fluviicola,1,39,0.00886355840790456,0.6493506493506493,0.81419624217119,0.014414115080271413
1,Genus,Methylophaga,1,2,0.007139338355523675,0.6493506493506493,0.04175365344467641,0.011610150226092129
1,Genus,Blastopirellula,1,18,0.007051205783478489,0.6493506493506493,0.3757828810020877,0.01146682708460454
1,Genus,Sva0996 marine group,1,11,0.005441183397191816,0.6493506493506493,0.22964509394572025,0.008848573005401638
1,Genus,Peredibacter,1,12,0.00453893843787057,0.6493506493506493,0.25052192066805845,0.007381322260751128
1,Genus,Pelagibius,1,9,0.0038047271022216673,0.6493506493506493,0.18789144050104384,0.006187331518179263
2,Genus,Prochlorococcus MIT9313,3,69,5.9693816525068,2.5641025641025643,2.4634059264548376,26.62564841467226
2,Genus,Unclassified genus,53,1365,5.045435805429551,45.2991452991453,48.73259550160657,22.50450845235397
2,Genus,Synechococcus CC9902,6,158,4.750144679664081,5.128205128205129,5.640842556229918,21.18740089376749
2,Genus,Clade Ib,5,134,1.5232502880151244,4.273504273504273,4.7840057122456265,6.794259267910457
2,Genus,NS4 marine group,10,269,0.9471191205853575,8.547008547008547,9.603712959657265,4.224501326855074
2,Genus,NS5 marine group,4,104,0.7536223214479393,3.4188034188034186,3.7129596572652623,3.3614340875483326
2,Genus,Lentimonas,1,8,0.7470327195415957,0.8547008547008547,0.28561228132809713,3.3320420275721907
2,Genus,Coraliomargarita,2,70,0.6814281579683199,1.7094017094017093,2.4991074616208495,3.0394214359376766
2,Genus,Urania-1B-19 marine sediment group,1,8,0.363623765976577,0.8547008547008547,0.28561228132809713,1.621896389225781
2,Genus,OM60(NOR5) clade,2,20,0.26772705812506675,1.7094017094017093,0.7140307033202428,1.1941616294108164
2,Genus,Ascidiaceihabitans,2,64,0.22147876906561237,1.7094017094017093,2.284898250624777,0.9878771671399122
2,Genus,MB11C04 marine group,2,26,0.19511256320426676,1.7094017094017093,0.9282399143163156,0.8702741442207373
2,Genus,Cyanobium PCC-6307,3,63,0.1887999620723566,2.5641025641025643,2.2491967154587647,0.8421176100762471
2,Genus,Balneola,1,29,0.1648211707451883,0.8547008547008547,1.035344519814352,0.7351633383523303
2,Genus,NS2b marine group,2,49,0.0956637760936183,1.7094017094017093,1.7493752231345947,0.42669579808470937
2,Genus,Clade Ia,1,5,0.08274732950826814,0.8547008547008547,0.1785076758300607,0.3690836724797055
2,Genus,SAR92 clade,2,68,0.07342779725783134,1.7094017094017093,2.427704391288825,0.3275151142044735
2,Genus,R76-B128,2,39,0.05140528320349925,1.7094017094017093,1.3923598714744734,0.2292865621447161
2,Genus,Candidatus Actinomarina,1,28,0.0511489070662086,0.8547008547008547,0.9996429846483399,0.22814302981745305
2,Genus,Litoricola,2,32,0.050099614488943,1.7094017094017093,1.1424491253123885,0.22346279711116143
2,Genus,Pseudoalteromonas,1,12,0.040320096062204734,0.8547008547008547,0.42841842199214564,0.17984253048173682
2,Genus,Arcticiflavibacter,1,11,0.03554842714180261,0.8547008547008547,0.39271688682613354,0.1585591235190588
2,Genus,Candidatus Puniceispirillum,1,35,0.02298947196571743,0.8547008547008547,1.2495537308104248,0.10254154172586796
2,Genus,CL500-3,2,27,0.022770190322446836,1.7094017094017093,0.9639414494823277,0.10156346455181718
2,Genus,Peredibacter,1,20,0.01829270227107449,0.8547008547008547,0.7140307033202428,0.0815922129923408
2,Genus,Marinoscillum,1,25,0.011907895619102403,0.8547008547008547,0.8925383791503034,0.053113615541685366
2,Genus,Aerococcus,1,24,0.01185565537748895,0.8547008547008547,0.8568368439842913,0.05288060475643708
2,Genus,Candidatus Tenderia,1,17,0.011542735350315516,0.8547008547008547,0.6069260978222063,0.0514848657820442
2,Genus,Pseudohongiella,1,11,0.009889002077368272,0.8547008547008547,0.39271688682613354,0.04410860417567702
2,Genus,Acinetobacter,1,8,0.006090771876552589,0.8547008547008547,0.28561228132809713,0.02716709367895088
2,Genus,Halobacteriovorax,1,3,0.0049890896802506,0.8547008547008547,0.10710460549803641,0.022253183908895798
3,Genus,Alteromonas,2,27,2.864456220892585,3.278688524590164,1.7670157068062826,35.15287079160495
3,Genus,Marinobacter,3,122,0.9736169591882278,4.918032786885246,7.984293193717278,11.948317072269374
3,Genus,Unclassified genus,18,342,0.8821181744948193,29.508196721311474,22.38219895287958,10.825435552050502
3,Genus,Kordiimonas,1,46,0.6090050309912449,1.639344262295082,3.0104712041884816,7.473765879096463
3,Genus,Muricauda,4,80,0.5999709156015429,6.557377049180328,5.2356020942408374,7.3628983822590754
3,Genus,Lutibacter,1,46,0.532889094709033,1.639344262295082,3.0104712041884816,6.539664092588144
3,Genus,Hyphomonas,2,63,0.2972839740307989,3.278688524590164,4.12303664921466,3.6482963332786085
3,Genus,SM1A02,3,98,0.2052890173276962,4.918032786885246,6.4136125654450264,2.5193257444190724
3,Genus,Geojedonia,1,22,0.16006909666496,1.639344262295082,1.4397905759162304,1.9643827096225908
3,Genus,Draconibacterium,1,52,0.1302931084907648,1.639344262295082,3.4031413612565444,1.598969037964632
3,Genus,Ketobacter,1,24,0.12222440722464585,1.639344262295082,1.5706806282722514,1.49994919224482
3,Genus,Arcticiflavibacter,1,36,0.09401319695902195,1.639344262295082,2.356020942408377,1.153738619323844
3,Genus,Gimesia,1,45,0.08413469108211935,1.639344262295082,2.945026178010471,1.032508684590661
3,Genus,Acinetobacter,1,25,0.06891163358667789,1.639344262295082,1.6361256544502618,0.8456899197279621
3,Genus,Rhodovulum,1,23,0.06415455049335478,1.639344262295082,1.5052356020942408,0.7873105574934062
3,Genus,Erythrobacter,1,31,0.057779877628431855,1.639344262295082,2.0287958115183247,0.7090799844705242
3,Genus,Altererythrobacter,3,86,0.055556096832177715,4.918032786885246,5.628272251308901,0.6817895415482669
3,Genus,Novosphingobium,1,20,0.048282809637832665,1.639344262295082,1.3089005235602094,0.5925310906394324
3,Genus,Oleibacter,1,58,0.04727041516796731,1.639344262295082,3.7958115183246073,0.5801068923815784
3,Genus,Yoonia-Loktanella,1,33,0.04325477986010339,1.639344262295082,2.1596858638743455,0.5308266457176724
3,Genus,Pseudohaliea,1,23,0.041802197676454586,1.639344262295082,1.5052356020942408,0.5130004232592671
3,Genus,Mf105b01,1,16,0.0318757215218446,1.639344262295082,1.0471204188481675,0.391181792856105
3,Genus,Rubripirellula,2,31,0.023955300530724664,3.278688524590164,2.0287958115183247,0.29398165633972445
3,Genus,Limibaculum,1,32,0.02346544921534363,1.639344262295082,2.094240837696335,0.28797015584232066
3,Genus,Demequina,1,19,0.01695797022512252,1.639344262295082,1.243455497382199,0.20810977380756068
3,Genus,Thalassospira,1,27,0.01490120029424548,1.639344262295082,1.7670157068062826,0.18286890362046138
3,Genus,Thalassotalea,1,21,0.014329926817925609,1.639344262295082,1.37434554973822,0.17585818285842936
3,Genus,Flagellimonas,1,21,0.012395809654065722,1.639344262295082,1.37434554973822,0.15212251873443516
3,Genus,Ekhidna,1,21,0.009923918592835913,1.639344262295082,1.37434554973822,0.12178724376931181
3,Genus,Maribacter,1,12,0.007803931353653194,1.639344262295082,0.7853403141361257,0.09577056494724229
3,Genus,Balneola,1,13,0.005307031493289358,1.639344262295082,0.8507853403141361,0.06512837969380676
3,Genus,Candidatus Berkiella,1,13,0.005277313763933626,1.639344262295082,0.8507853403141361,0.06476368097973936
4,Genus,Unclassified genus,63,211,2.125208570405103,50.806451612903224,49.184149184149184,65.26083400475784
4,Genus,Pseudoalteromonas,1,3,0.4617207562875502,0.8064516129032258,0.6993006993006993,14.17850560751753
4,Genus,Alteromonas,2,6,0.08678136456572212,1.6129032258064515,1.3986013986013985,2.664879253028052
4,Genus,OM60(NOR5) clade,4,21,0.05839897463956401,3.225806451612903,4.895104895104895,1.7933137683865885
4,Genus,Candidatus Puniceispirillum,6,17,0.050526457467447515,4.838709677419355,3.9627039627039626,1.5515647732415299
4,Genus,Clade Ia,2,5,0.04874805555890961,1.6129032258064515,1.1655011655011656,1.4969536666597822
4,Genus,Coxiella,1,9,0.031160491558958062,0.8064516129032258,2.097902097902098,0.9568753370631228
4,Genus,MB11C04 marine group,2,12,0.031041435175998264,1.6129032258064515,2.797202797202797,0.9532193576200955
4,Genus,Aquimarina,1,1,0.02759588057564423,0.8064516129032258,0.2331002331002331,0.84741338169879
4,Genus,Atelocyanobacterium (UCYN-A),2,8,0.02665152490161362,1.6129032258064515,1.8648018648018647,0.8184141391102778
4,Genus,NS5 marine group,2,2,0.024265337283954275,1.6129032258064515,0.4662004662004662,0.7451391692137508
4,Genus,Balneola,2,12,0.022440959435078137,1.6129032258064515,2.797202797202797,0.6891162349872209
4,Genus,Agaribacterium,1,5,0.022417328679453223,0.8064516129032258,1.1655011655011656,0.6883905825304596
4,Genus,Muricauda,3,5,0.020582406669924332,2.4193548387096775,1.1655011655011656,0.6320438585697543
4,Genus,SM1A02,1,2,0.018704995057712018,0.8064516129032258,0.4662004662004662,0.5743923653048659
4,Genus,Idiomarina,1,4,0.014634978436360274,0.8064516129032258,0.9324009324009324,0.44941043043905143
4,Genus,Peredibacter,1,11,0.014439024676469783,0.8064516129032258,2.5641025641025643,0.44339308890612883
4,Genus,Prochlorococcus MIT9313,1,1,0.0111914407860868,0.8064516129032258,0.2331002331002331,0.34366639095364976
4,Genus,Fabibacter,1,8,0.01088408485220688,0.8064516129032258,1.8648018648018647,0.3342281151718562
4,Genus,NS4 marine group,2,9,0.010473763302568625,1.6129032258064515,2.097902097902098,0.32162797469039145
4,Genus,Sva0996 marine group,1,11,0.009517626388230753,0.8064516129032258,2.5641025641025643,0.29226695416687115
4,Genus,SAR92 clade,1,2,0.009088821605588734,0.8064516129032258,0.4662004662004662,0.2790992311818689
4,Genus,C1-B045,1,7,0.009008836379274876,0.8064516129032258,1.6317016317016317,0.2766430475159492
4,Genus,Delftia,1,3,0.00873851069399464,0.8064516129032258,0.6993006993006993,0.2683418953749463
4,Genus,Formosa,1,3,0.008514948056448302,0.8064516129032258,0.6993006993006993,0.261476741346419
4,Genus,Aestuariibacter,1,7,0.008378080767606872,0.8064516129032258,1.6317016317016317,0.2572738251987304
4,Genus,OM75 clade,1,2,0.008296740516904022,0.8064516129032258,0.4662004662004662,0.2547760314889995
4,Genus,Arenimonas,1,4,0.008055801132663827,0.8064516129032258,0.9324009324009324,0.24737727290169031
4,Genus,Labrenzia,1,2,0.0071215950530315875,0.8064516129032258,0.4662004662004662,0.21868970371995403
4,Genus,Isosphaera,1,4,0.006520774340689597,0.8064516129032258,0.9324009324009324,0.20023972129432469
4,Genus,Halobacteriovorax,1,6,0.006354190027659416,0.8064516129032258,1.3986013986013985,0.1951242557575059
4,Genus,Schlesneria,1,3,0.005483551171479292,0.8064516129032258,0.6993006993006993,0.16838870675657533
4,Genus,Halioxenophilus,1,1,0.005224337162222543,0.8064516129032258,0.2331002331002331,0.16042877159285254
4,Genus,Kocuria,1,1,0.004811889491520764,0.8064516129032258,0.2331002331002331,0.14776334225657475
4,Genus,Clade Ib,1,1,0.004775014735397035,0.8064516129032258,0.2331002331002331,0.14663099347355726
4,Genus,Rhodopirellula,1,1,0.004295628087482688,0.8064516129032258,0.2331002331002331,0.13191000425428642
4,Genus,Bdellovibrio,1,6,0.004135853387482101,0.8064516129032258,1.3986013986013985,0.12700364808760173
4,Genus,Marinifilum,1,1,0.0038512527680879273,0.8064516129032258,0.2331002331002331,0.1182641417452223
4,Genus,Aestuariicella,1,5,0.0038125488161967476,0.8064516129032258,1.1655011655011656,0.11707562207949514
4,Genus,Catenococcus,1,1,0.003308779533024239,0.8064516129032258,0.2331002331002331,0.10160589170872493
4,Genus,Chryseobacterium,1,2,0.0027079515271902148,0.8064516129032258,0.4662004662004662,0.08315568531478512
4,Genus,Porticoccus,1,1,0.0022564265563990386,0.8064516129032258,0.2331002331002331,0.06929027154874277
4,Genus,Thiogranum,1,1,0.001908644824412116,0.8064516129032258,0.2331002331002331,0.05861060170496863
4,Genus,Legionella,1,1,0.0014857203724165894,0.8064516129032258,0.2331002331002331,0.045623451717627814
4,Genus,Erythrobacter,1,1,9.625739226692174e-4,0.8064516129032258,0.2331002331002331,0.02955868796098921
1,Kingdom,Bacteria,153,4769,61.484374121725665,99.35064935064935,99.5615866388309,99.9872515578687
1,Kingdom,Archaea,1,21,0.007839299243227895,0.6493506493506493,0.4384133611691023,0.0127484421313003
2,Kingdom,Bacteria,117,2801,22.41966677971053,100,100,100
3,Kingdom,Bacteria,61,1528,8.148569822003445,100,100,100
4,Kingdom,Bacteria,124,429,3.256483927634398,100,100,100
1,Order,SAR11 clade,27,691,23.10491154900067,17.532467532467532,14.4258872651357,37.57371911599115
1,Order,Synechococcales,9,471,12.233578180611078,5.8441558441558445,9.832985386221294,19.894515907016313
1,Order,Rhodospirillales,10,348,11.070549767501332,6.4935064935064934,7.265135699373695,18.00317333141608
1,Order,Pseudomonadales,27,737,8.982047591437631,17.532467532467532,15.386221294363256,14.60680481599764
1,Order,Puniceispirillales,4,144,1.8054376770038563,2.5974025974025974,3.0062630480167014,2.9360427549485486
1,Order,Rhodobacterales,9,293,1.0067526573623427,5.8441558441558445,6.116910229645094,1.6372034788701217
1,Order,Flavobacteriales,21,736,0.8445107589963847,13.636363636363637,15.365344467640918,1.3733621088168633
1,Order,Ectothiorhodospirales,2,80,0.49298622589481944,1.2987012987012987,1.6701461377870563,0.8017051240616275
1,Order,Thiotrichales,2,95,0.3824845633756867,1.2987012987012987,1.9832985386221293,0.622004871994507
1,Order,Actinomarinales,3,69,0.36342364041882624,1.948051948051948,1.4405010438413361,0.5910075767331193
1,Order,Parvibaculales,4,145,0.29674708919829396,2.5974025974025974,3.0271398747390394,0.4825766917297255
1,Order,Rickettsiales,6,147,0.2352507285367883,3.896103896103896,3.068893528183716,0.38256994739527067
1,Order,Opitutales,4,133,0.15534991911532392,2.5974025974025974,2.776617954070981,0.25263348068448205
1,Order,Thalassobaculales,1,50,0.11988948201555535,0.6493506493506493,1.0438413361169103,0.19496693214603483
1,Order,Unclassified order,3,90,0.08908186439566357,1.948051948051948,1.8789144050104385,0.14486690174220754
1,Order,Burkholderiales,3,116,0.08328774550138189,1.948051948051948,2.421711899791232,0.13544437721114896
1,Order,Verrucomicrobiales,1,62,0.045132316695494924,0.6493506493506493,1.2943632567849688,0.07339517344500851
1,Order,Caulobacterales,3,85,0.03496525990611527,1.948051948051948,1.7745302713987474,0.05686128041406961
1,Order,Coxiellales,3,59,0.032063881538247054,1.948051948051948,1.231732776617954,0.0521429946239555
1,Order,Cytophagales,2,74,0.030810030606692594,1.2987012987012987,1.5448851774530272,0.05010395445642935
1,Order,Defluviicoccales,1,41,0.020201852074817922,0.6493506493506493,0.8559498956158664,0.03285269947353867
1,Order,Pirellulales,2,21,0.013398877393703221,1.2987012987012987,0.4384133611691023,0.021789551307863954
1,Order,Enterobacterales,1,16,0.013358714854643973,0.6493506493506493,0.33402922755741127,0.02172423809693056
1,Order,Marine Group II,1,21,0.007839299243227895,0.6493506493506493,0.4384133611691023,0.0127484421313003
1,Order,Diplorickettsiales,1,32,0.007229560997512342,0.6493506493506493,0.6680584551148225,0.011756872285633251
1,Order,Nitrosococcales,1,2,0.007139338355523675,0.6493506493506493,0.04175365344467641,0.011610150226092129
1,Order,Microtrichales,1,11,0.005441183397191816,0.6493506493506493,0.22964509394572025,0.008848573005401638
1,Order,Bacteriovoracales,1,12,0.00453893843787057,0.6493506493506493,0.25052192066805845,0.007381322260751128
1,Order,Kiloniellales,1,9,0.0038047271022216673,0.6493506493506493,0.18789144050104384,0.006187331518179263
2,Order,Synechococcales,12,290,10.908326294243238,10.256410256410257,10.35344519814352,48.655166918516
2,Order,SAR11 clade,12,336,2.648158057536118,10.256410256410257,11.995715815780079,11.81176367854255
2,Order,Pseudomonadales,25,605,2.2922359412294337,21.367521367521366,21.599428775437342,10.224219493323933
2,Order,Flavobacteriales,19,469,1.8465161824214456,16.23931623931624,16.744019992859695,8.236144633927012
2,Order,Opitutales,5,104,1.6235734407141822,4.273504273504273,3.7129596572652623,7.241737607730604
2,Order,Puniceispirillales,9,232,1.1670295825790897,7.6923076923076925,8.282756158514816,5.2053832648183445
2,Order,Rhodobacterales,4,114,0.46894640358145956,3.4188034188034186,4.069975008925383,2.0916742795028926
2,Order,Phycisphaerales,3,35,0.3863939562990238,2.5641025641025643,1.2495537308104248,1.723459853777598
2,Order,Nannocystales,2,61,0.2269681697325382,1.7094017094017093,2.1777936451267403,1.0123619229610543
2,Order,Balneolales,1,29,0.1648211707451883,0.8547008547008547,1.035344519814352,0.7351633383523303
2,Order,Parvibaculales,2,84,0.14468584477101534,1.7094017094017093,2.9989289539450197,0.6453523426224779
2,Order,Ectothiorhodospirales,1,32,0.10079338746372954,0.8547008547008547,1.1424491253123885,0.4495757606662829
2,Order,Unclassified order,4,57,0.07163913504486533,3.4188034188034186,2.0349875044626917,0.3195370196567672
2,Order,Rickettsiales,1,38,0.053182430986504145,0.8547008547008547,1.3566583363084612,0.23721329807913769
2,Order,Kiritimatiellales,2,39,0.05140528320349925,1.7094017094017093,1.3923598714744734,0.2292865621447161
2,Order,Actinomarinales,1,28,0.0511489070662086,0.8547008547008547,0.9996429846483399,0.22814302981745305
2,Order,Chitinophagales,2,50,0.049415326957587526,1.7094017094017093,1.7850767583006069,0.2204106218131113
2,Order,Enterobacterales,1,12,0.040320096062204734,0.8547008547008547,0.42841842199214564,0.17984253048173682
2,Order,Bacteriovoracales,2,23,0.02328179195132509,1.7094017094017093,0.8211353088182792,0.10384539690123662
2,Order,Rhodospirillales,2,29,0.022163213757328666,1.7094017094017093,1.035344519814352,0.0988561247368139
2,Order,Burkholderiales,1,27,0.016835681646122213,0.8547008547008547,0.9639414494823277,0.07509336249974179
2,Order,Thalassobaculales,1,23,0.01196243458931665,0.8547008547008547,0.8211353088182792,0.053356879506088285
2,Order,Cytophagales,1,25,0.011907895619102403,0.8547008547008547,0.8925383791503034,0.053113615541685366
2,Order,Lactobacillales,1,24,0.01185565537748895,0.8547008547008547,0.8568368439842913,0.05288060475643708
2,Order,Thiotrichales,1,13,0.011846295463691491,0.8547008547008547,0.4641199571581578,0.05283885608153738
2,Order,Tenderiales,1,17,0.011542735350315516,0.8547008547008547,0.6069260978222063,0.0514848657820442
2,Order,Diplorickettsiales,1,5,0.00271146531850721,0.8547008547008547,0.1785076758300607,0.012094137460424018
3,Order,Enterobacterales,3,48,2.878786147710511,4.918032786885246,3.141361256544503,35.32872897446339
3,Order,Flavobacteriales,10,253,1.4478337244750938,16.39344262295082,16.55759162303665,17.767948929707064
3,Order,Pseudomonadales,8,269,1.2854887289135803,13.114754098360656,17.604712041884817,15.775636179031036
3,Order,Kordiimonadales,1,46,0.6090050309912449,1.639344262295082,3.0104712041884816,7.473765879096463
3,Order,Sphingomonadales,6,181,0.5220620056934436,9.836065573770492,11.845549738219896,6.406793058135532
3,Order,Caulobacterales,2,63,0.2972839740307989,3.278688524590164,4.12303664921466,3.6482963332786085
3,Order,Rhodobacterales,6,158,0.27692923185679164,9.836065573770492,10.340314136125654,3.3985010609960575
3,Order,Phycisphaerales,3,98,0.2052890173276962,4.918032786885246,6.4136125654450264,2.5193257444190724
3,Order,Unclassified order,5,95,0.13632095523038554,8.19672131147541,6.217277486910994,1.6729433288069813
3,Order,Bacteroidales,1,52,0.1302931084907648,1.639344262295082,3.4031413612565444,1.598969037964632
3,Order,Planctomycetales,2,53,0.08865078817520504,3.278688524590164,3.468586387434555,1.0879306444159418
3,Order,Rickettsiales,1,9,0.08036753914281368,1.639344262295082,0.5890052356020943,0.9862778487311795
3,Order,Micavibrionales,2,38,0.063057770224942,3.278688524590164,2.486910994764398,0.773850768937
3,Order,Parvibaculales,1,16,0.0318757215218446,1.639344262295082,1.0471204188481675,0.391181792856105
3,Order,Pirellulales,2,31,0.023955300530724664,3.278688524590164,2.0287958115183247,0.29398165633972445
3,Order,Micrococcales,1,19,0.01695797022512252,1.639344262295082,1.243455497382199,0.20810977380756068
3,Order,Rhodospirillales,1,27,0.01490120029424548,1.639344262295082,1.7670157068062826,0.18286890362046138
3,Order,Isosphaerales,1,7,0.010975333380029576,1.639344262295082,0.4581151832460733,0.13469030295835557
3,Order,Cytophagales,1,21,0.009923918592835913,1.639344262295082,1.37434554973822,0.12178724376931181
3,Order,Balneolales,1,13,0.005307031493289358,1.639344262295082,0.8507853403141361,0.06512837969380676
3,Order,Gammaproteobacteria Incertae Sedis,1,13,0.005277313763933626,1.639344262295082,0.8507853403141361,0.06476368097973936
3,Order,Puniceispirillales,1,4,0.004100803692030187,1.639344262295082,0.2617801047120419,0.05032544092531251
3,Order,SAR11 clade,1,14,0.003927206246117495,1.639344262295082,0.9162303664921466,0.04819503706666324
4,Order,Rhodospirillales,10,43,1.4353218109219414,8.064516129032258,10.023310023310023,44.07581436965973
4,Order,Enterobacterales,7,31,0.6072630102301859,5.645161290322581,7.226107226107226,18.647812294633955
4,Order,Pseudomonadales,19,76,0.27948993347888285,15.32258064516129,17.715617715617714,8.58256756949242
4,Order,Flavobacteriales,17,59,0.22490805420449902,13.709677419354838,13.752913752913752,6.906469038460098
4,Order,Puniceispirillales,10,35,0.18165415487582592,8.064516129032258,8.158508158508159,5.57822973834803
4,Order,Unclassified order,12,25,0.07898390666419386,9.67741935483871,5.827505827505828,2.4254351754645387
4,Order,SAR11 clade,4,7,0.06973848906453617,3.225806451612903,1.6317016317016317,2.1415271997118737
4,Order,Coxiellales,1,9,0.031160491558958062,0.8064516129032258,2.097902097902098,0.9568753370631228
4,Order,Opitutales,2,12,0.031041435175998264,1.6129032258064515,2.797202797202797,0.9532193576200955
4,Order,Rickettsiales,2,5,0.03027524704982279,1.6129032258064515,1.1655011655011656,0.9296912781576534
4,Order,Cyanobacteriales,2,8,0.02665152490161362,1.6129032258064515,1.8648018648018647,0.8184141391102778
4,Order,Balneolales,2,12,0.022440959435078137,1.6129032258064515,2.797202797202797,0.6891162349872209
4,Order,Ectothiorhodospirales,3,3,0.020998910228233962,2.4193548387096775,0.6993006993006993,0.6448338359676218
4,Order,Bacteriovoracales,2,17,0.020793214704129197,1.6129032258064515,3.9627039627039626,0.6385173446636346
4,Order,Phycisphaerales,1,2,0.018704995057712018,0.8064516129032258,0.4662004662004662,0.5743923653048659
4,Order,Thalassobaculales,2,6,0.017863629491810792,1.6129032258064515,1.3986013986013985,0.5485557395269394
4,Order,Thiotrichales,2,5,0.01699801536292512,1.6129032258064515,1.1655011655011656,0.5219744896844296
4,Order,Planctomycetales,3,8,0.01455857613357819,2.4193548387096775,1.8648018648018647,0.4470642710696242
4,Order,Defluviicoccales,2,3,0.012750664672094035,1.6129032258064515,0.6993006993006993,0.3915469861187516
4,Order,Synechococcales,2,2,0.012686023743000034,1.6129032258064515,0.4662004662004662,0.38956199462085234
4,Order,Cytophagales,1,8,0.01088408485220688,0.8064516129032258,1.8648018648018647,0.3342281151718562
4,Order,Microtrichales,1,11,0.009517626388230753,0.8064516129032258,2.5641025641025643,0.29226695416687115
4,Order,Rhizobiales,2,4,0.008741290550278105,1.6129032258064515,0.9324009324009324,0.2684272591091222
4,Order,Burkholderiales,1,3,0.00873851069399464,0.8064516129032258,0.6993006993006993,0.2683418953749463
4,Order,Chitinophagales,1,4,0.00870967709729158,0.8064516129032258,0.9324009324009324,0.2674564742476262
4,Order,Xanthomonadales,1,4,0.008055801132663827,0.8064516129032258,0.9324009324009324,0.24737727290169031
4,Order,Hydrogenedentiales,1,5,0.006933234667206983,0.8064516129032258,1.1655011655011656,0.21290553926496672
4,Order,Isosphaerales,1,4,0.006520774340689597,0.8064516129032258,0.9324009324009324,0.20023972129432469
4,Order,Pedosphaerales,1,2,0.005037056164977611,0.8064516129032258,0.4662004662004662,0.15467775296642325
4,Order,Micrococcales,1,1,0.004811889491520764,0.8064516129032258,0.2331002331002331,0.14776334225657475
4,Order,Parvibaculales,1,2,0.0047390798061039355,0.8064516129032258,0.4662004662004662,0.1455275048615559
4,Order,Pirellulales,1,1,0.004295628087482688,0.8064516129032258,0.2331002331002331,0.13191000425428642
4,Order,Bdellovibrionales,1,6,0.004135853387482101,0.8064516129032258,1.3986013986013985,0.12700364808760173
4,Order,Bacteroidales,1,1,0.0038512527680879273,0.8064516129032258,0.2331002331002331,0.1182641417452223
4,Order,Fusobacteriales,1,1,0.002817896342702989,0.8064516129032258,0.2331002331002331,0.08653186704808916
4,Order,PB19,1,2,0.0019629306133725237,0.8064516129032258,0.4662004662004662,0.060277607904499986
4,Order,Legionellales,1,1,0.0014857203724165894,0.8064516129032258,0.2331002331002331,0.045623451717627814
4,Order,Sphingomonadales,1,1,9.625739226692174e-4,0.8064516129032258,0.2331002331002331,0.02955868796098921
1,Phylum,Proteobacteria,106,3090,47.699108411657434,68.83116883116882,64.50939457202506,77.56934700840026
1,Phylum,Cyanobacteria,9,471,12.233578180611078,5.8441558441558445,9.832985386221294,19.894515907016313
1,Phylum,Bacteroidota,23,810,0.8753207896030774,14.935064935064934,16.910229645093946,1.4234660632732927
1,Phylum,Actinobacteriota,4,80,0.36886482381601804,2.5974025974025974,1.6701461377870563,0.5998561497385209
1,Phylum,Verrucomicrobiota,5,195,0.20048223581081884,3.2467532467532467,4.07098121085595,0.32602865412949056
1,Phylum,Marinimicrobia (SAR406 clade),1,18,0.06315539825948327,0.6493506493506493,0.3757828810020877,0.10270470803698087
1,Phylum,Planctomycetota,3,32,0.021280000357876347,1.948051948051948,0.6680584551148225,0.03460600810088883
1,Phylum,Unclassified phylum,1,61,0.018045343172007174,0.6493506493506493,1.2734864300626305,0.02934573691220179
1,Phylum,Thermoplasmatota,1,21,0.007839299243227895,0.6493506493506493,0.4384133611691023,0.0127484421313003
1,Phylum,Bdellovibrionota,1,12,0.00453893843787057,0.6493506493506493,0.25052192066805845,0.007381322260751128
2,Phylum,Cyanobacteria,12,290,10.908326294243238,10.256410256410257,10.35344519814352,48.655166918516
2,Phylum,Proteobacteria,62,1567,6.992413570334836,52.99145299145299,55.94430560514102,31.188748874104
2,Phylum,Bacteroidota,23,573,2.0726605757433236,19.65811965811966,20.456979650124957,9.244832209634138
2,Phylum,Verrucomicrobiota,7,143,1.6749787239176814,5.982905982905983,5.105319528739736,7.47102416987532
2,Phylum,Planctomycetota,3,35,0.3863939562990238,2.5641025641025643,1.2495537308104248,1.723459853777598
2,Phylum,Myxococcota,2,61,0.2269681697325382,1.7094017094017093,2.1777936451267403,1.0123619229610543
2,Phylum,Marinimicrobia (SAR406 clade),1,29,0.060687463240002654,0.8547008547008547,1.035344519814352,0.2706885157406707
2,Phylum,Actinobacteriota,1,28,0.0511489070662086,0.8547008547008547,0.9996429846483399,0.22814302981745305
2,Phylum,Bdellovibrionota,2,23,0.02328179195132509,1.7094017094017093,0.8211353088182792,0.10384539690123662
2,Phylum,Firmicutes,1,24,0.01185565537748895,0.8547008547008547,0.8568368439842913,0.05288060475643708
2,Phylum,Unclassified phylum,1,12,0.006699521563633702,0.8547008547008547,0.42841842199214564,0.029882342273243205
2,Phylum,Margulisbacteria,1,7,0.0023872419199278457,0.8547008547008547,0.24991074616208497,0.010647981271908398
2,Phylum,SAR324 clade(Marine group B),1,9,0.0018649083213011274,0.8547008547008547,0.32131381649410923,0.008318180370944863
3,Phylum,Proteobacteria,36,951,6.165927571860347,59.01639344262295,62.238219895287955,75.66883154404097
3,Phylum,Bacteroidota,13,339,1.5933577830519838,21.311475409836067,22.18586387434555,19.55383359113481
3,Phylum,Planctomycetota,10,211,0.36402602038387477,16.39344262295082,13.80890052356021,4.467360878480804
3,Phylum,Actinobacteriota,1,19,0.01695797022512252,1.639344262295082,1.243455497382199,0.20810977380756068
3,Phylum,Chloroflexi,1,8,0.00830047648211672,1.639344262295082,0.5235602094240838,0.10186421253583768
4,Phylum,Proteobacteria,73,252,2.7762002516315594,58.87096774193548,58.74125874125874,85.25146487206126
4,Phylum,Bacteroidota,22,84,0.27079402835716354,17.741935483870968,19.58041958041958,8.315534004612022
4,Phylum,Planctomycetota,9,19,0.06816422071892003,7.258064516129032,4.428904428904429,2.0931846197821233
4,Phylum,Cyanobacteria,4,10,0.039337548644613654,3.225806451612903,2.331002331002331,1.20797613373113
4,Phylum,Verrucomicrobiota,3,14,0.03607849134097588,2.4193548387096775,3.2634032634032635,1.1078971105865187
4,Phylum,Bdellovibrionota,3,23,0.0249290680916113,2.4193548387096775,5.361305361305361,0.7655209927512365
4,Phylum,Actinobacteriota,2,12,0.014329515879751516,1.6129032258064515,2.797202797202797,0.44003029642344593
4,Phylum,Hydrogenedentes,1,5,0.006933234667206983,0.8064516129032258,1.1655011655011656,0.21290553926496672
4,Phylum,Margulisbacteria,2,3,0.006077559661621589,1.6129032258064515,0.6993006993006993,0.18662949968976203
4,Phylum,Marinimicrobia (SAR406 clade),2,3,0.005366663616213173,1.6129032258064515,0.6993006993006993,0.16479932760213772
4,Phylum,SAR324 clade(Marine group B),1,1,0.0034925180686856136,0.8064516129032258,0.2331002331002331,0.10724812854282004
4,Phylum,Fusobacteriota,1,1,0.002817896342702989,0.8064516129032258,0.2331002331002331,0.08653186704808916
4,Phylum,Desulfobacterota,1,2,0.0019629306133725237,0.8064516129032258,0.4662004662004662,0.060277607904499986
