Sample_ID,Modularity,Transitivity,Mean_Dist,Type,sample.description,barcode.sequence,Giorno.di.navigazione.,data.x,acqua,Zona,Latitude.x,Longitude.x,Latitude.y,Longitude.y,data.y,thetao,so,uo,vo,zos,chl,o2,no3,po4,si,Counts_Total
eDNA1,0.4599192827718485,0.45298098181377977,3.36023185069473,Positive,EDNA1,TACTAGGTAAGCAGCA,1,23/05/2022,Superficiale,ANW,29.3007,-77.936917,29.3007,-77.936917,2022-05-23,26.81560716032982,36.65730762295425,0.14893032610416412,-0.20996734499931335,0.3598132263869047,0.09561619907617569,209.53488159179688,0.0480227954685688,6.305456918198615e-5,2.8504061698913574,45007
eDNA18,0.24930715006781273,0.5488083085285828,2.8139923424991298,Positive,EDNA18,TAACGTCCACGCGTGA,18,09/06/2022,Superficiale,ANC,35.790433,-34.595667,35.79043,-34.595667,2022-06-09,21.02490310370922,36.35364845395088,-0.03234962001442909,0.008545182645320892,-0.14130069874227047,0.06769315153360367,233.45806884765625,0.005036011338233948,0.02342984266579151,1.10195791721344,55407
eDNA19,0.24702893381870658,0.5848756203411225,3.111288641889545,Positive,EDNA19,TACTAGGTTGCGTCAC,19,10/06/2022,Superficiale,ANC,36.996267,-32.055683,36.99627,-32.055683,2022-06-10,20.126926481723785,36.1873225774616,0.028077028691768646,0.05371257662773132,-0.16296884045004845,0.057736508548259735,235.67103576660156,0.007739265915006399,0.026430048048496246,1.1130931377410889,46749
eDNA25,0.219370621103948,0.5867901462400297,2.9617077175697863,Positive,EDNA25,ACGTACGTTGCGTCAC,25,23/06/2022,Superficiale,ANE,35.897133,-17.887783,35.89713,-17.887783,2022-06-23,19.737266153097153,36.315500317141414,-0.02624591812491417,-0.2069154940545559,-0.2591021452099085,0.05593997985124588,235.6439971923828,0.0023848346900194883,0.01989172026515007,1.189467191696167,50106
eDNA26,0.24392421368106398,0.5791842830768934,2.9244051881912947,Positive,EDNA26,GCGATACGTGCGTCAC,26,24/06/2022,Superficiale,ANE,36.136333,-14.5402,36.13633,-14.5402,2022-06-24,20.256569109857082,36.51539655402303,-0.014038514345884323,-0.06775109097361565,-0.23712881840765476,0.06572362035512924,233.30160522460938,0.004246189258992672,0.009845934808254242,1.2061448097229004,48491
eDNA27,0.2631654151241021,0.5746831556213328,3.036384134467562,Positive,EDNA27,TACTAGGTGTCTAGTG,27,25/06/2022,Superficiale,ANE,36.25035,-11.687733,36.25035,-11.687733,2022-06-25,20.502670370042324,36.47877434268594,6.103701889514923e-4,-0.046388134360313416,-0.31586657278239727,0.08443805575370789,231.39076232910156,0.005257337354123592,0.007180073764175177,1.1485093832015991,52934
eDNA28,0.30354999925463244,0.5383260434037959,3.237004447420018,Positive,EDNA28,ACGTACGTGTCTAGTG,28,26/06/2022,Superficiale,ANE,36.0788,-7.874533,36.0788,-7.874533,2022-06-26,21.50245673954487,36.41926324926317,-0.12207403779029846,0.009155552834272385,-0.295724356546998,0.11673496663570404,227.21414184570312,0.006585852708667517,0.012198543176054955,1.1475270986557007,53508
eDNA3,0.48216448526715766,0.5050870999473481,3.1489029468289558,Positive,EDNA3,ACGTACGTAAGCAGCA,3,25/05/2022,Superficiale,ANW,30.658967,-75.508383,30.65897,-75.508383,2022-05-25,26.101474039256573,36.58406320028007,-0.15259254723787308,0.1263466291129589,0.3473006375133991,0.09476234763860703,211.68463134765625,0.08353477716445923,7.493982411688194e-5,2.808828353881836,59587
eDNA4,0.4628457144025796,0.5579768654485633,2.8684820827410786,Positive,EDNA4,GCGATACGAAGCAGCA,4,26/06/2022,Superficiale,ANW,31.189233,-74.85995,31.18923,-74.85995,2022-06-26,27.356883443892002,36.22089293785393,-0.21057771518826485,-0.15991698950529099,0.6479079555720091,0.09047677367925644,206.78529357910156,0.030078480020165443,5.5027623602654785e-5,3.371365547180176,44677
eDNA6,0.49314693239444124,0.5375007678270226,3.210939630255767,Positive,EDNA6,GTTACAGCAAGCAGCA,6,28/05/2022,Superficiale,ANW,31.755633,-69.329683,31.75563,-69.329683,2022-05-28,24.7383953332901,36.68477428145707,-0.17578661441802979,0.035401470959186554,0.24964140728116035,0.09405244141817093,216.98240661621094,0.03513149544596672,5.6418237363686785e-5,1.1492174863815308,46335
eDNA7,0.3865993930603273,0.5376653546150942,2.811760752688172,Positive,EDNA7,TAACGTCCAAGCAGCA,7,29/05/2022,Superficiale,ANW,31.824817,-67.287833,31.82482,-67.287833,2022-05-29,24.250587478280067,36.69545575976372,-0.029908139258623123,-0.10010071098804474,0.29847102239727974,0.0917140394449234,216.8168487548828,0.015724660828709602,4.805833668797277e-5,1.3913217782974243,36208
eDNA9,0.47807350926108977,0.539047324596356,3.492401796807799,Positive,EDNA9,TACTAGGTACGCGTGA,9,31/05/2022,Superficiale,ANW,31.99925,-62.128333,31.99925,-62.128333,2022-05-31,23.814783163368702,36.65425577200949,-0.09765923023223877,-0.11413922533392906,0.1937925349920988,0.11286921799182892,219.90972900390625,0.01097539160400629,0.0014349507400766015,0.8225693106651306,39556
eDNA15,0.5289963377601689,0.5524129529295196,2.9243801652892563,Positive,EDNA15,ACGTACGTACGCGTGA,15,06/06/2022,Superficiale,ANC,34.2134,-44.0762,34.2134,-44.0762,2022-06-06,21.62990203499794,36.698507610708475,-0.13306070119142532,-0.04211554303765297,0.06134220398962498,0.07500193268060684,227.8861541748047,0.0024850419722497463,0.013466550037264824,0.8505454659461975,49236
eDNA16,0.48793628220255886,0.5769396793289416,2.777835696413678,Positive,EDNA16,GCGATACGACGCGTGA,16,07/06/2022,Superficiale,ANC,34.550283,-40.685317,34.55028,-40.685317,2022-06-07,21.18457594513893,36.50013729929924,0.09704886004328728,-0.07507553324103355,0.06897183135151863,0.0616312101483345,228.42164611816406,0.0027229099068790674,0.013355177827179432,1.0670299530029297,39541
eDNA17,0.4253045416144427,0.5611888362523264,2.7361148740178813,Positive,EDNA17,GTTACAGCACGCGTGA,17,08/06/2022,Superficiale,ANC,35.448667,-37.395217,35.44867,-37.395217,2022-06-08,20.84838404506445,36.503189150244,-0.04272591322660446,0.054322946816682816,0.012512588873505592,0.07571670413017273,232.7955322265625,0.002670974237844348,0.021098308265209198,1.083082914352417,23784
