Sample_1,Sample_2,bNTI,RC_BC,Mechanism,Pair_A,Pair_B,module_bray,Zone_1,Temp_1,Lon_1,Zone_2,Temp_2,Lon_2,module_similarity,temp_diff,lon_diff,zone_pair,temp_bin,pair_key,back_ab,back_ba,fwd_ab,fwd_ba,bmin_ab,bmin_ba,fmin_ab,fmin_ba,bi_connectivity_mean,bi_connectivity_max,bi_connected,bi_min_travel_days,directed_link_count,tina_dist,pina_dist,bray,bray_similarity,tina_similarity
eDNA1,eDNA18,-2.11446102889511,1,Homogeneous Selection,eDNA1,eDNA18,0.6986587517556951,ANW,26.81560716032982,-77.936917,ANC,21.02490310370922,-34.595667,0.30134124824430486,5.790704056620598,43.341249999999995,ANC-ANW,"[4,6)",eDNA1__eDNA18,0,0.02040816326530612,0,0,NA,345.25,NA,NA,0.00510204081632653,0.02040816326530612,TRUE,345.25,1,0.621946167056402,0.00760864645973069,0.857255520504732,0.14274447949526803,0.37805383294359796
eDNA1,eDNA19,-1.66789517095053,1,Dispersal Limitation,eDNA1,eDNA19,0.6940177417612798,ANW,26.81560716032982,-77.936917,ANC,20.126926481723785,-32.055683,0.30598225823872016,6.688680678606033,45.88123399999999,ANC-ANW,"[6,8)",eDNA1__eDNA19,0,0,0,0,NA,NA,NA,NA,0,0,FALSE,NA,0,0.598159570114214,0.00624537599024388,0.854653318502039,0.14534668149796104,0.40184042988578605
eDNA18,eDNA19,-3.02448031481236,-0.94,Homogeneous Selection,eDNA18,eDNA19,0.06382459376463925,ANC,21.02490310370922,-34.595667,ANC,20.126926481723785,-32.055683,0.9361754062353608,0.8979766219854355,2.539983999999997,ANC-ANC,"[0,1)",eDNA18__eDNA19,0.12244897959183673,0.04081632653061224,0,0.4489795918367347,234.75,145,NA,28.75,0.15306122448979592,0.4489795918367347,TRUE,28.75,3,0.0315790360706144,5.0717335965733e-4,0.374583531651594,0.625416468348406,0.9684209639293856
eDNA1,eDNA25,-1.79593970960524,1,Dispersal Limitation,eDNA1,eDNA25,0.6425286651273823,ANW,26.81560716032982,-77.936917,ANE,19.737266153097153,-17.887783,0.35747133487261773,7.078341007232666,60.049133999999995,ANE-ANW,"[6,8)",eDNA1__eDNA25,0,0,0,0,NA,NA,NA,NA,0,0,FALSE,NA,0,0.563265793693058,0.00534162528297788,0.808709175738725,0.19129082426127497,0.43673420630694204
eDNA18,eDNA25,-2.68156009742998,-0.75,Homogeneous Selection,eDNA18,eDNA25,0.07793742460557337,ANC,21.02490310370922,-34.595667,ANE,19.737266153097153,-17.887783,0.9220625753944266,1.2876369506120682,16.707884,ANC-ANE,"[1,2)",eDNA18__eDNA25,0,0,0,0,NA,NA,NA,NA,0,0,FALSE,NA,0,0.0336820558895045,4.9963077011305e-4,0.380566801619433,0.619433198380567,0.9663179441104955
eDNA19,eDNA25,-4.11059812801625,-0.84,Homogeneous Selection,eDNA19,eDNA25,0.11785201344609922,ANC,20.126926481723785,-32.055683,ANE,19.737266153097153,-17.887783,0.8821479865539008,0.3896603286266327,14.167900000000005,ANC-ANE,"[0,1)",eDNA19__eDNA25,0,0,0.04081632653061224,0,NA,NA,330.75,NA,0.01020408163265306,0.04081632653061224,TRUE,330.75,1,0.0420486119223417,8.7314230606705e-4,0.4225549836219,0.5774450163781,0.9579513880776583
eDNA1,eDNA26,-1.49984343772777,1,Dispersal Limitation,eDNA1,eDNA26,0.6063442275001584,ANW,26.81560716032982,-77.936917,ANE,20.25656910985708,-14.5402,0.3936557724998416,6.55903805047274,63.396716999999995,ANE-ANW,"[6,8)",eDNA1__eDNA26,0,0,0,0,NA,NA,NA,NA,0,0,FALSE,NA,0,0.542064546469535,0.00774505517252333,0.794730633110499,0.20526936688950104,0.45793545353046505
eDNA18,eDNA26,-1.76916003727977,-0.59,Drift,eDNA18,eDNA26,0.08735501145946853,ANC,21.02490310370922,-34.595667,ANE,20.25656910985708,-14.5402,0.9126449885405314,0.7683339938521421,20.055467,ANC-ANE,"[0,1)",eDNA18__eDNA26,0,0,0,0,NA,NA,NA,NA,0,0,FALSE,NA,0,0.0439254301105039,2.7458908165389e-4,0.431946584488957,0.568053415511043,0.9560745698894961
eDNA19,eDNA26,-3.65255660564454,-0.87,Homogeneous Selection,eDNA19,eDNA26,0.12765672336862802,ANC,20.126926481723785,-32.055683,ANE,20.25656910985708,-14.5402,0.872343276631372,0.12964262813329341,17.515483000000003,ANC-ANE,"[0,1)",eDNA19__eDNA26,0,0,0,0,NA,NA,NA,NA,0,0,FALSE,NA,0,0.0450999934005535,7.9125171597727e-4,0.428842504743833,0.571157495256167,0.9549000065994465
eDNA25,eDNA26,-3.51141576719261,-0.96,Homogeneous Selection,eDNA25,eDNA26,0.04579586341276292,ANE,19.737266153097153,-17.887783,ANE,20.25656910985708,-14.5402,0.9542041365872372,0.5193029567599261,3.3475829999999984,ANE-ANE,"[0,1)",eDNA25__eDNA26,0.061224489795918366,0,0.08163265306122448,0.5102040816326531,137,NA,171,44.5,0.163265306122449,0.5102040816326531,TRUE,44.5,3,0.00760983390321723,6.378741985209e-4,0.257690368129097,0.742309631870903,0.9923901660967828
eDNA1,eDNA27,-1.96006512918082,1,Dispersal Limitation,eDNA1,eDNA27,0.5677852118178982,ANW,26.81560716032982,-77.936917,ANE,20.502670370042324,-11.687733,0.4322147881821018,6.312936790287495,66.249184,ANE-ANW,"[6,8)",eDNA1__eDNA27,0,0,0,0,NA,NA,NA,NA,0,0,FALSE,NA,0,0.551628659378673,0.00301211792792433,0.799788508988368,0.20021149101163205,0.448371340621327
eDNA18,eDNA27,-3.22944521598116,-0.52,Homogeneous Selection,eDNA18,eDNA27,0.09031718696796816,ANC,21.02490310370922,-34.595667,ANE,20.502670370042324,-11.687733,0.9096828130320318,0.5222327336668968,22.907933999999997,ANC-ANE,"[0,1)",eDNA18__eDNA27,0,0,0,0,NA,NA,NA,NA,0,0,FALSE,NA,0,0.0480070256629243,0.00145200291006664,0.429718875502008,0.570281124497992,0.9519929743370757
eDNA19,eDNA27,-4.93646777530371,-0.45,Homogeneous Selection,eDNA19,eDNA27,0.08742716939770295,ANC,20.126926481723785,-32.055683,ANE,20.502670370042324,-11.687733,0.9125728306022972,0.37574388831853867,20.36795,ANC-ANE,"[0,1)",eDNA19__eDNA27,0,0,0,0,NA,NA,NA,NA,0,0,FALSE,NA,0,0.0496929313788382,8.1385890502128e-4,0.419650291423813,0.5803497085761871,0.9503070686211618
eDNA25,eDNA27,-2.77658300964548,-0.99,Homogeneous Selection,eDNA25,eDNA27,0.07709271703723589,ANE,19.737266153097153,-17.887783,ANE,20.502670370042324,-11.687733,0.922907282962764,0.7654042169451714,6.200049999999999,ANE-ANE,"[0,1)",eDNA25__eDNA27,0,0,0.04081632653061224,0.02040816326530612,NA,NA,167.75,328.25,0.015306122448979591,0.04081632653061224,TRUE,167.75,2,0.0155790403633783,9.0367573969074e-4,0.303469477382521,0.6965305226174789,0.9844209596366217
eDNA26,eDNA27,-2.53524713958528,-0.94,Homogeneous Selection,eDNA26,eDNA27,0.05126289169046257,ANE,20.25656910985708,-14.5402,ANE,20.502670370042324,-11.687733,0.9487371083095374,0.24610126018524525,2.8524670000000008,ANE-ANE,"[0,1)",eDNA26__eDNA27,0.04081632653061224,0,0,0,147.75,NA,NA,NA,0.01020408163265306,0.04081632653061224,TRUE,147.75,1,0.0172808058939936,0.00196763385883669,0.315836298932384,0.684163701067616,0.9827191941060064
eDNA1,eDNA28,-2.2033701788825,1,Homogeneous Selection,eDNA1,eDNA28,0.5739764182962899,ANW,26.81560716032982,-77.936917,ANE,21.50245673954487,-7.874533,0.4260235817037102,5.31315042078495,70.062384,ANE-ANW,"[4,6)",eDNA1__eDNA28,0,0,0,0,NA,NA,NA,NA,0,0,FALSE,NA,0,0.56483564034661,0.00292581168781658,0.819898329702251,0.18010167029774904,0.43516435965338995
eDNA18,eDNA28,-3.03894246276505,-0.79,Homogeneous Selection,eDNA18,eDNA28,0.1506523405538294,ANC,21.02490310370922,-34.595667,ANE,21.50245673954487,-7.874533,0.8493476594461706,0.4775536358356476,26.721134,ANC-ANE,"[0,1)",eDNA18__eDNA28,0,0,0,0,NA,NA,NA,NA,0,0,FALSE,NA,0,0.0382874669976241,0.00142452309925611,0.39017608897127,0.60982391102873,0.9617125330023759
eDNA19,eDNA28,-4.57238307320617,-0.29,Homogeneous Selection,eDNA19,eDNA28,0.12289492346003555,ANC,20.126926481723785,-32.055683,ANE,21.50245673954487,-7.874533,0.8771050765399644,1.375530257821083,24.18115,ANC-ANE,"[1,2)",eDNA19__eDNA28,0,0,0,0,NA,NA,NA,NA,0,0,FALSE,NA,0,0.0619222691834258,0.00136656489766862,0.479085812850367,0.520914187149633,0.9380777308165742
eDNA25,eDNA28,-3.54850482459031,-0.84,Homogeneous Selection,eDNA25,eDNA28,0.14619246002596054,ANE,19.737266153097153,-17.887783,ANE,21.50245673954487,-7.874533,0.8538075399740395,1.7651905864477158,10.01325,ANE-ANE,"[1,2)",eDNA25__eDNA28,0,0,0,0,NA,NA,NA,NA,0,0,FALSE,NA,0,0.0286786446807865,6.9311069778321e-4,0.379216043755697,0.6207839562443029,0.9713213553192135
eDNA26,eDNA28,-3.1115641134995,-0.4,Homogeneous Selection,eDNA26,eDNA28,0.11339511631743177,ANE,20.25656910985708,-14.5402,ANE,21.50245673954487,-7.874533,0.8866048836825683,1.2458876296877897,6.665667000000001,ANE-ANE,"[1,2)",eDNA26__eDNA28,0,0,0,0,NA,NA,NA,NA,0,0,FALSE,NA,0,0.0346298412879259,0.00184290138015775,0.422632794457275,0.577367205542725,0.9653701587120741
eDNA27,eDNA28,-3.74887938769291,-0.23,Homogeneous Selection,eDNA27,eDNA28,0.07066852766463214,ANE,20.502670370042324,-11.687733,ANE,21.50245673954487,-7.874533,0.9293314723353678,0.9997863695025444,3.8132,ANE-ANE,"[0,1)",eDNA27__eDNA28,0,0,0.02040816326530612,0,NA,NA,165.75,NA,0.00510204081632653,0.02040816326530612,TRUE,165.75,1,0.0286423797899111,3.6731836094683e-4,0.338755591703945,0.661244408296055,0.9713576202100889
eDNA1,eDNA3,-2.08779926269865,1,Homogeneous Selection,eDNA1,eDNA3,0.419727475678652,ANW,26.81560716032982,-77.936917,ANW,26.101474039256573,-75.508383,0.580272524321348,0.714133121073246,2.428533999999999,ANW-ANW,"[0,1)",eDNA1__eDNA3,0,0.08163265306122448,0.9183673469387755,0.14285714285714285,NA,23.25,14.25,106,0.2857142857142857,0.9183673469387755,TRUE,14.25,3,0.330366620197456,0.00504709944791337,0.68521931441209,0.31478068558790995,0.669633379802544
eDNA18,eDNA3,-2.85891499035428,0.96,Homogeneous Selection,eDNA18,eDNA3,0.6194462296934965,ANC,21.02490310370922,-34.595667,ANW,26.101474039256573,-75.508383,0.3805537703065035,5.076570935547352,40.912716,ANC-ANW,"[4,6)",eDNA18__eDNA3,0.02040816326530612,0,0,0,280.75,NA,NA,NA,0.00510204081632653,0.02040816326530612,TRUE,280.75,1,0.29558367956116,6.6123181080801e-4,0.689182805857345,0.31081719414265496,0.7044163204388401
eDNA19,eDNA3,-2.94448788674015,1,Homogeneous Selection,eDNA19,eDNA3,0.6115658447769851,ANC,20.126926481723785,-32.055683,ANW,26.101474039256573,-75.508383,0.38843415522301494,5.974547557532787,43.45269999999999,ANC-ANW,"[4,6)",eDNA19__eDNA3,0.02040816326530612,0,0,0,270.75,NA,NA,NA,0.00510204081632653,0.02040816326530612,TRUE,270.75,1,0.313956865574873,8.694007870037e-4,0.726075504828797,0.273924495171203,0.686043134425127
eDNA25,eDNA3,-2.33654127601064,1,Homogeneous Selection,eDNA25,eDNA3,0.572294285554214,ANE,19.737266153097153,-17.887783,ANW,26.101474039256573,-75.508383,0.427705714445786,6.36420788615942,57.6206,ANE-ANW,"[6,8)",eDNA25__eDNA3,0,0,0,0,NA,NA,NA,NA,0,0,FALSE,NA,0,0.294904168071621,7.6228457619276e-4,0.697166744078031,0.30283325592196897,0.705095831928379
eDNA26,eDNA3,-2.91357257884863,0.99,Homogeneous Selection,eDNA26,eDNA3,0.5557655082200271,ANE,20.25656910985708,-14.5402,ANW,26.101474039256573,-75.508383,0.4442344917799729,5.844904929399494,60.968183,ANE-ANW,"[4,6)",eDNA26__eDNA3,0,0,0,0,NA,NA,NA,NA,0,0,FALSE,NA,0,0.294621711197139,0.0011109054630174,0.702448210922787,0.297551789077213,0.705378288802861
eDNA27,eDNA3,-2.17644122489104,1,Homogeneous Selection,eDNA27,eDNA3,0.5184935157877725,ANE,20.502670370042324,-11.687733,ANW,26.101474039256573,-75.508383,0.4815064842122275,5.598803669214249,63.82064999999999,ANE-ANW,"[4,6)",eDNA27__eDNA3,0,0,0,0,NA,NA,NA,NA,0,0,FALSE,NA,0,0.295743208703355,6.5792427604705e-4,0.684863523573201,0.315136476426799,0.704256791296645
eDNA28,eDNA3,-2.58404651838751,0.99,Homogeneous Selection,eDNA28,eDNA3,0.5254647098688053,ANE,21.50245673954487,-7.874533,ANW,26.101474039256573,-75.508383,0.47453529013119466,4.599017299711704,67.63385,ANE-ANW,"[4,6)",eDNA28__eDNA3,0,0,0,0,NA,NA,NA,NA,0,0,FALSE,NA,0,0.270358229110101,6.4909679338831e-4,0.654817987152034,0.345182012847966,0.729641770889899
eDNA1,eDNA4,-2.31064055735755,1,Homogeneous Selection,eDNA1,eDNA4,0.3566961739515855,ANW,26.81560716032982,-77.936917,ANW,27.20014037936926,-74.85995,0.6433038260484145,0.38453321903944016,3.076966999999996,ANW-ANW,"[0,1)",eDNA1__eDNA4,0,0,0.5918367346938775,0.14285714285714285,NA,NA,27.25,100.25,0.18367346938775508,0.5918367346938775,TRUE,27.25,2,0.230880114429846,0.00535447692135771,0.598726114649682,0.40127388535031805,0.769119885570154
eDNA18,eDNA4,-1.8036157582196,0.98,Dispersal Limitation,eDNA18,eDNA4,0.6133928958277252,ANC,21.02490310370922,-34.595667,ANW,27.20014037936926,-74.85995,0.3866071041722749,6.175237275660038,40.264283,ANC-ANW,"[6,8)",eDNA18__eDNA4,0.02040816326530612,0,0,0,282,NA,NA,NA,0.00510204081632653,0.02040816326530612,TRUE,282,1,0.320585817486547,5.6222567469288e-4,0.682672233820459,0.31732776617954095,0.679414182513453
eDNA19,eDNA4,-1.9753807878331,1,Dispersal Limitation,eDNA19,eDNA4,0.6057364433108838,ANC,20.126926481723785,-32.055683,ANW,27.20014037936926,-74.85995,0.39426355668911617,7.0732138976454735,42.804267,ANC-ANW,"[6,8)",eDNA19__eDNA4,0.02040816326530612,0,0,0,255.25,NA,NA,NA,0.00510204081632653,0.02040816326530612,TRUE,255.25,1,0.330956746586981,3.8502852842292e-4,0.707270101107366,0.292729898892634,0.6690432534130191
eDNA25,eDNA4,-1.92391819601449,1,Dispersal Limitation,eDNA25,eDNA4,0.5692023714274771,ANE,19.737266153097153,-17.887783,ANW,27.20014037936926,-74.85995,0.4307976285725229,7.462874226272106,56.972167,ANE-ANW,"[6,8)",eDNA25__eDNA4,0,0,0,0,NA,NA,NA,NA,0,0,FALSE,NA,0,0.313118780067249,4.7280078519174e-4,0.6875,0.3125,0.686881219932751
eDNA26,eDNA4,-1.84437168368296,0.99,Dispersal Limitation,eDNA26,eDNA4,0.5653781278452119,ANE,20.25656910985708,-14.5402,ANW,27.20014037936926,-74.85995,0.4346218721547881,6.94357126951218,60.31975,ANE-ANW,"[6,8)",eDNA26__eDNA4,0,0,0,0,NA,NA,NA,NA,0,0,FALSE,NA,0,0.308139147125688,0.00066214704038558005,0.679667186687468,0.32033281331253205,0.691860852874312
eDNA27,eDNA4,-1.929662580091,1,Dispersal Limitation,eDNA27,eDNA4,0.5303710587014971,ANE,20.502670370042324,-11.687733,ANW,27.20014037936926,-74.85995,0.46962894129850286,6.697470009326935,63.172217,ANE-ANW,"[6,8)",eDNA27__eDNA4,0,0,0,0,NA,NA,NA,NA,0,0,FALSE,NA,0,0.313875520474054,8.5212114988864e-4,0.694181326116374,0.30581867388362605,0.686124479525946
eDNA28,eDNA4,-1.82956149145201,1,Dispersal Limitation,eDNA28,eDNA4,0.5368738389403985,ANE,21.50245673954487,-7.874533,ANW,27.20014037936926,-74.85995,0.4631261610596014,5.69768363982439,66.985417,ANE-ANW,"[4,6)",eDNA28__eDNA4,0,0,0,0,NA,NA,NA,NA,0,0,FALSE,NA,0,0.29693033994617,0.00108281789449727,0.690721649484536,0.30927835051546404,0.70306966005383
eDNA3,eDNA4,-4.30867110854336,0.37,Homogeneous Selection,eDNA3,eDNA4,0.0743636743723761,ANW,26.101474039256573,-75.508383,ANW,27.20014037936926,-74.85995,0.925636325627624,1.0986663401126862,0.6484329999999972,ANW-ANW,"[1,2)",eDNA3__eDNA4,0.14285714285714285,0,0.6326530612244898,0.7551020408163265,16.75,NA,12.5,14,0.3826530612244898,0.7551020408163265,TRUE,12.5,3,0.0333104439027413,8.174504927817e-4,0.365504061156235,0.634495938843765,0.9666895560972587
eDNA1,eDNA6,-3.7358411726603,1,Homogeneous Selection,eDNA1,eDNA6,0.21492668483811336,ANW,26.81560716032982,-77.936917,ANW,24.7383953332901,-69.329683,0.7850733151618866,2.077211827039718,8.607233999999991,ANW-ANW,"[2,4)",eDNA1__eDNA6,0,0,0.08163265306122448,0.10204081632653061,NA,NA,235.75,149,0.04591836734693877,0.10204081632653061,TRUE,149,2,0.278614760105617,0.00409369122402203,0.609774157719363,0.39022584228063695,0.721385239894383
eDNA18,eDNA6,-2.32472929484582,0.83,Homogeneous Selection,eDNA18,eDNA6,0.6078016954258763,ANC,21.02490310370922,-34.595667,ANW,24.7383953332901,-69.329683,0.39219830457412375,3.713492229580879,34.734016000000004,ANC-ANW,"[2,4)",eDNA18__eDNA6,0,0,0,0.02040816326530612,NA,NA,NA,340.75,0.00510204081632653,0.02040816326530612,TRUE,340.75,1,0.293195869413207,0.00113518571801841,0.70166270783848,0.29833729216152005,0.7068041305867929
eDNA19,eDNA6,-2.5791122822446,1,Homogeneous Selection,eDNA19,eDNA6,0.5996621501818039,ANC,20.126926481723785,-32.055683,ANW,24.7383953332901,-69.329683,0.4003378498181961,4.611468851566315,37.274,ANC-ANW,"[4,6)",eDNA19__eDNA6,0,0,0,0.02040816326530612,NA,NA,NA,352,0.00510204081632653,0.02040816326530612,TRUE,352,1,0.306136152532,0.00145579934200513,0.733451015004413,0.266548984995587,0.693863847468
eDNA25,eDNA6,-1.76321278753799,0.98,Dispersal Limitation,eDNA25,eDNA6,0.5627015188873778,ANE,19.737266153097153,-17.887783,ANW,24.7383953332901,-69.329683,0.43729848111262215,5.001129180192947,51.4419,ANE-ANW,"[4,6)",eDNA25__eDNA6,0,0,0,0,NA,NA,NA,NA,0,0,FALSE,NA,0,0.268031539701952,4.8993876658487e-4,0.653432975245212,0.34656702475478796,0.7319684602980481
eDNA26,eDNA6,-2.15877323367734,0.75,Homogeneous Selection,eDNA26,eDNA6,0.5480002364518741,ANE,20.25656910985708,-14.5402,ANW,24.7383953332901,-69.329683,0.4519997635481259,4.481826223433021,54.789483,ANE-ANW,"[4,6)",eDNA26__eDNA6,0,0,0,0,NA,NA,NA,NA,0,0,FALSE,NA,0,0.264662423820476,8.5838674936111e-4,0.65530303030303,0.34469696969696995,0.735337576179524
eDNA27,eDNA6,-1.99009188721624,1,Dispersal Limitation,eDNA27,eDNA6,0.5117264218405785,ANE,20.502670370042324,-11.687733,ANW,24.7383953332901,-69.329683,0.4882735781594215,4.235724963247776,57.64195,ANE-ANW,"[4,6)",eDNA27__eDNA6,0,0,0,0,NA,NA,NA,NA,0,0,FALSE,NA,0,0.267127359189494,0.00122903780888473,0.640066500415628,0.35993349958437204,0.732872640810506
eDNA28,eDNA6,-2.00162044467661,1,Homogeneous Selection,eDNA28,eDNA6,0.5185330349807802,ANE,21.50245673954487,-7.874533,ANW,24.7383953332901,-69.329683,0.4814669650192198,3.2359385937452316,61.45515,ANE-ANW,"[2,4)",eDNA28__eDNA6,0,0,0,0,NA,NA,NA,NA,0,0,FALSE,NA,0,0.250508153488812,7.4735072855902e-4,0.645286267757211,0.354713732242789,0.7494918465111879
eDNA3,eDNA6,-2.33587822928246,0.65,Homogeneous Selection,eDNA3,eDNA6,0.20004572664586548,ANW,26.101474039256573,-75.508383,ANW,24.7383953332901,-69.329683,0.7999542733541345,1.3630787059664726,6.178699999999992,ANW-ANW,"[1,2)",eDNA3__eDNA6,0,0,0.10204081632653061,0.16326530612244897,NA,NA,85.25,101.75,0.06632653061224489,0.16326530612244897,TRUE,85.25,2,0.0614024100620991,9.6540850991844e-4,0.460999123575811,0.5390008764241889,0.9385975899379009
eDNA4,eDNA6,-3.75235271216313,0.85,Homogeneous Selection,eDNA4,eDNA6,0.13264405834738285,ANW,27.20014037936926,-74.85995,ANW,24.7383953332901,-69.329683,0.8673559416526172,2.461745046079159,5.530266999999995,ANW-ANW,"[2,4)",eDNA4__eDNA6,0,0,0.061224489795918366,0.14285714285714285,NA,NA,146,100.25,0.05102040816326531,0.14285714285714285,TRUE,100.25,2,0.0552836059221394,6.7959751329616e-4,0.476213358962037,0.523786641037963,0.9447163940778606
eDNA1,eDNA7,-2.23381980910041,1,Homogeneous Selection,eDNA1,eDNA7,0.4082372533417109,ANW,26.81560716032982,-77.936917,ANW,24.250587478280067,-67.287833,0.5917627466582891,2.5650196820497513,10.649083999999988,ANW-ANW,"[2,4)",eDNA1__eDNA7,0,0,0.02040816326530612,0.04081632653061224,NA,NA,261.5,145.25,0.015306122448979591,0.04081632653061224,TRUE,145.25,2,0.343369786820824,0.00542726161286589,0.676994577846631,0.323005422153369,0.656630213179176
eDNA18,eDNA7,-2.85326177164069,0.89,Homogeneous Selection,eDNA18,eDNA7,0.5881525188360879,ANC,21.02490310370922,-34.595667,ANW,24.250587478280067,-67.287833,0.4118474811639121,3.2256843745708466,32.69216600000001,ANC-ANW,"[2,4)",eDNA18__eDNA7,0,0,0,0,NA,NA,NA,NA,0,0,FALSE,NA,0,0.26164318259461,4.0857407804317e-4,0.654582074521652,0.34541792547834804,0.73835681740539
eDNA19,eDNA7,-2.85637894662269,0.99,Homogeneous Selection,eDNA19,eDNA7,0.5793794626057042,ANC,20.126926481723785,-32.055683,ANW,24.250587478280067,-67.287833,0.42062053739429583,4.123660996556282,35.232150000000004,ANC-ANW,"[4,6)",eDNA19__eDNA7,0,0,0,0,NA,NA,NA,NA,0,0,FALSE,NA,0,0.282071278279249,8.5775301634061e-4,0.693525850023288,0.30647414997671196,0.7179287217207511
eDNA25,eDNA7,-2.29532059967869,0.94,Homogeneous Selection,eDNA25,eDNA7,0.5452163610785562,ANE,19.737266153097153,-17.887783,ANW,24.250587478280067,-67.287833,0.4547836389214438,4.513321325182915,49.40005000000001,ANE-ANW,"[4,6)",eDNA25__eDNA7,0,0,0,0,NA,NA,NA,NA,0,0,FALSE,NA,0,0.259752748849449,2.2020607582073e-4,0.642927794263106,0.357072205736894,0.740247251150551
eDNA26,eDNA7,-2.37974953249464,0.9,Homogeneous Selection,eDNA26,eDNA7,0.5469087080846567,ANE,20.25656910985708,-14.5402,ANW,24.250587478280067,-67.287833,0.45309129191534325,3.9940183684229886,52.74763300000001,ANE-ANW,"[2,4)",eDNA26__eDNA7,0,0,0,0,NA,NA,NA,NA,0,0,FALSE,NA,0,0.261029336424639,4.5630477400404e-4,0.648770697441044,0.351229302558956,0.738970663575361
eDNA27,eDNA7,-2.14100272953173,1,Homogeneous Selection,eDNA27,eDNA7,0.5115092185592442,ANE,20.502670370042324,-11.687733,ANW,24.250587478280067,-67.287833,0.48849078144075575,3.7479171082377434,55.600100000000005,ANE-ANW,"[2,4)",eDNA27__eDNA7,0,0,0,0,NA,NA,NA,NA,0,0,FALSE,NA,0,0.261553964189315,0.00104206254066008,0.641451683428072,0.358548316571928,0.738446035810685
eDNA28,eDNA7,-2.39462863752456,0.99,Homogeneous Selection,eDNA28,eDNA7,0.5181509753379436,ANE,21.50245673954487,-7.874533,ANW,24.250587478280067,-67.287833,0.4818490246620564,2.748130738735199,59.41330000000001,ANE-ANW,"[2,4)",eDNA28__eDNA7,0,0,0,0,NA,NA,NA,NA,0,0,FALSE,NA,0,0.235606230853776,7.7166253209826e-4,0.622504537205082,0.37749546279491797,0.764393769146224
eDNA3,eDNA7,-2.53720414681349,-0.6,Homogeneous Selection,eDNA3,eDNA7,0.07510007939863782,ANW,26.101474039256573,-75.508383,ANW,24.250587478280067,-67.287833,0.9248999206013622,1.8508865609765053,8.220549999999989,ANW-ANW,"[1,2)",eDNA3__eDNA7,0,0,0.12244897959183673,0.061224489795918366,NA,NA,78,120.5,0.04591836734693877,0.12244897959183673,TRUE,78,2,0.0287785991125146,4.8961349354859e-4,0.342579750346741,0.6574202496532591,0.9712214008874854
eDNA4,eDNA7,-2.58256873874637,-0.3,Homogeneous Selection,eDNA4,eDNA7,0.04378862872961666,ANW,27.20014037936926,-74.85995,ANW,24.250587478280067,-67.287833,0.9562113712703834,2.949552901089191,7.572116999999992,ANW-ANW,"[2,4)",eDNA4__eDNA7,0,0,0.16326530612244897,0.10204081632653061,NA,NA,68.25,99.5,0.06632653061224489,0.16326530612244897,TRUE,68.25,2,0.0378190050699897,3.5377013047099e-4,0.363914373088685,0.636085626911315,0.9621809949300103
eDNA6,eDNA7,-4.27674607656944,-0.12,Homogeneous Selection,eDNA6,eDNA7,0.17803505045503448,ANW,24.7383953332901,-69.329683,ANW,24.250587478280067,-67.287833,0.8219649495449655,0.48780785501003265,2.0418499999999966,ANW-ANW,"[0,1)",eDNA6__eDNA7,0.9387755102040817,0.061224489795918366,0.061224489795918366,0.22448979591836735,9,100,136,68,0.32142857142857145,0.9387755102040817,TRUE,9,4,0.0319907627170091,2.9482697121952e-4,0.353788935378894,0.646211064621106,0.9680092372829909
eDNA1,eDNA9,-2.70693367805241,1,Homogeneous Selection,eDNA1,eDNA9,0.3836664571187789,ANW,26.81560716032982,-77.936917,ANW,23.814783163368705,-62.128333,0.6163335428812211,3.0008239969611132,15.808583999999996,ANW-ANW,"[2,4)",eDNA1__eDNA9,0,0.02040816326530612,0,0,NA,108.75,NA,NA,0.00510204081632653,0.02040816326530612,TRUE,108.75,1,0.378626104427704,0.00226692891905345,0.701898960945898,0.298101039054102,0.621373895572296
eDNA18,eDNA9,-4.3780148314266,0.76,Homogeneous Selection,eDNA18,eDNA9,0.5677088416661028,ANC,21.02490310370922,-34.595667,ANW,23.814783163368705,-62.128333,0.4322911583338972,2.7898800596594846,27.532666,ANC-ANW,"[2,4)",eDNA18__eDNA9,0,0,0,0,NA,NA,NA,NA,0,0,FALSE,NA,0,0.243575424827093,0.00195567583135092,0.672892938496583,0.32710706150341695,0.7564245751729071
eDNA19,eDNA9,-4.1864058279619,0.99,Homogeneous Selection,eDNA19,eDNA9,0.5572022848924076,ANC,20.126926481723785,-32.055683,ANW,23.814783163368705,-62.128333,0.4427977151075923,3.68785668164492,30.072649999999996,ANC-ANW,"[2,4)",eDNA19__eDNA9,0.02040816326530612,0,0,0,224.75,NA,NA,NA,0.00510204081632653,0.02040816326530612,TRUE,224.75,1,0.256199357899699,0.00191701342677586,0.685059422750424,0.314940577249576,0.743800642100301
eDNA25,eDNA9,-4.01266453162756,0.93,Homogeneous Selection,eDNA25,eDNA9,0.5225875967282001,ANE,19.737266153097153,-17.887783,ANW,23.814783163368705,-62.128333,0.4774124032717999,4.077517010271553,44.24055,ANE-ANW,"[4,6)",eDNA25__eDNA9,0,0,0,0,NA,NA,NA,NA,0,0,FALSE,NA,0,0.234845322530065,8.0515016150617e-4,0.638727028238458,0.36127297176154205,0.765154677469935
eDNA26,eDNA9,-4.5558144008970904,0.93,Homogeneous Selection,eDNA26,eDNA9,0.49118151778406965,ANE,20.25656910985708,-14.5402,ANW,23.814783163368705,-62.128333,0.5088184822159303,3.5582140535116267,47.588133,ANE-ANW,"[2,4)",eDNA26__eDNA9,0,0,0,0,NA,NA,NA,NA,0,0,FALSE,NA,0,0.237919234525968,0.00208208091192652,0.661217075386013,0.33878292461398696,0.762080765474032
eDNA27,eDNA9,-4.24505678158715,1,Homogeneous Selection,eDNA27,eDNA9,0.4519849230218172,ANE,20.502670370042324,-11.687733,ANW,23.814783163368705,-62.128333,0.5480150769781829,3.3121127933263814,50.4406,ANE-ANW,"[2,4)",eDNA27__eDNA9,0,0,0,0,NA,NA,NA,NA,0,0,FALSE,NA,0,0.234818288702498,6.6403067422449e-4,0.633814102564103,0.366185897435897,0.765181711297502
eDNA28,eDNA9,-4.66566865211803,0.96,Homogeneous Selection,eDNA28,eDNA9,0.4595672598416801,ANE,21.50245673954487,-7.874533,ANW,23.814783163368705,-62.128333,0.5404327401583199,2.312326423823837,54.2538,ANE-ANW,"[2,4)",eDNA28__eDNA9,0,0,0,0,NA,NA,NA,NA,0,0,FALSE,NA,0,0.209776320266267,3.0275569148996e-4,0.607128056361376,0.392871943638624,0.790223679733733
eDNA3,eDNA9,-3.2524612074836,-0.4,Homogeneous Selection,eDNA3,eDNA9,0.08597826755527592,ANW,26.101474039256573,-75.508383,ANW,23.814783163368705,-62.128333,0.914021732444724,2.2866908758878672,13.380049999999995,ANW-ANW,"[2,4)",eDNA3__eDNA9,0,0,0.04081632653061224,0.04081632653061224,NA,NA,130.25,236.25,0.02040816326530612,0.04081632653061224,TRUE,130.25,2,0.0657351565743928,0.00109285970315054,0.425801011804385,0.574198988195615,0.9342648434256072
eDNA4,eDNA9,-4.34628012333477,0.67,Homogeneous Selection,eDNA4,eDNA9,0.12118994661001033,ANW,27.20014037936926,-74.85995,ANW,23.814783163368705,-62.128333,0.8788100533899896,3.3853572160005534,12.731617,ANW-ANW,"[2,4)",eDNA4__eDNA9,0,0,0.04081632653061224,0.061224489795918366,NA,NA,264.75,184.75,0.025510204081632654,0.061224489795918366,TRUE,184.75,2,0.0859905140694751,0.00115903080115243,0.508060801473975,0.49193919852602497,0.9140094859305249
eDNA6,eDNA9,-2.9500959375383,0.32,Homogeneous Selection,eDNA6,eDNA9,0.15400792578537953,ANW,24.7383953332901,-69.329683,ANW,23.814783163368705,-62.128333,0.8459920742146205,0.9236121699213946,7.201350000000005,ANW-ANW,"[0,1)",eDNA6__eDNA9,0.061224489795918366,0,0.04081632653061224,0.08163265306122448,66.25,NA,225.25,172.5,0.04591836734693877,0.08163265306122448,TRUE,66.25,3,0.0616086893281559,5.0500437225209e-4,0.433050847457627,0.566949152542373,0.9383913106718441
eDNA7,eDNA9,-1.61656311305059,-0.65,Drift,eDNA7,eDNA9,0.11311926581901044,ANW,24.250587478280067,-67.287833,ANW,23.814783163368705,-62.128333,0.8868807341809896,0.4358043149113619,5.159500000000008,ANW-ANW,"[0,1)",eDNA7__eDNA9,0.4897959183673469,0,0.16326530612244897,0.2653061224489796,54,NA,107.75,100.5,0.22959183673469388,0.4897959183673469,TRUE,54,3,0.0307379691029211,8.1414430263593e-4,0.325301204819277,0.6746987951807231,0.9692620308970789
eDNA1,eDNA15,-1.35156063339496,1,Dispersal Limitation,eDNA1,eDNA15,0.5375360242807414,ANW,26.81560716032982,-77.936917,ANC,21.62990203499794,-44.0762,0.46246397571925857,5.185705125331879,33.860716999999994,ANC-ANW,"[4,6)",eDNA1__eDNA15,0,0.02040816326530612,0.02040816326530612,0,NA,338.75,295.5,NA,0.01020408163265306,0.02040816326530612,TRUE,295.5,2,0.520364962403883,0.00419771295012661,0.806974858069749,0.193025141930251,0.47963503759611703
eDNA18,eDNA15,-4.04589268961822,-0.49,Homogeneous Selection,eDNA15,eDNA18,0.30927255242416624,ANC,21.02490310370922,-34.595667,ANC,21.62990203499794,-44.0762,0.6907274475758338,0.6049989312887192,9.480533,ANC-ANC,"[0,1)",eDNA15__eDNA18,0,0,0,0.12244897959183673,NA,NA,NA,225.5,0.030612244897959183,0.12244897959183673,TRUE,225.5,1,0.0708205779200382,0.0011536152093955,0.454545454545455,0.545454545454545,0.9291794220799618
eDNA19,eDNA15,-3.70639041586222,-0.01,Homogeneous Selection,eDNA15,eDNA19,0.3035263092493601,ANC,20.126926481723785,-32.055683,ANC,21.62990203499794,-44.0762,0.6964736907506399,1.5029755532741549,12.020516999999998,ANC-ANC,"[1,2)",eDNA15__eDNA19,0.04081632653061224,0,0,0.02040816326530612,206.5,NA,NA,297,0.015306122448979591,0.04081632653061224,TRUE,206.5,2,0.108808523093133,0.00119092121155306,0.568685376661743,0.431314623338257,0.891191476906867
eDNA25,eDNA15,-4.05243527361071,-0.15,Homogeneous Selection,eDNA15,eDNA25,0.34837296187375877,ANE,19.737266153097153,-17.887783,ANC,21.62990203499794,-44.0762,0.6516270381262412,1.8926358819007871,26.188417,ANC-ANE,"[1,2)",eDNA15__eDNA25,0,0,0,0,NA,NA,NA,NA,0,0,FALSE,NA,0,0.0994590429029547,4.1016809290539e-4,0.516264428121721,0.483735571878279,0.9005409570970453
eDNA26,eDNA15,-3.21896775595567,0.39,Homogeneous Selection,eDNA15,eDNA26,0.337519228186771,ANE,20.25656910985708,-14.5402,ANC,21.62990203499794,-44.0762,0.6624807718132291,1.3733329251408612,29.536,ANC-ANE,"[1,2)",eDNA15__eDNA26,0,0,0,0,NA,NA,NA,NA,0,0,FALSE,NA,0,0.11078148359873,0.00158309193878603,0.566329248801279,0.433670751198721,0.88921851640127
eDNA27,eDNA15,-3.69134303961301,0.47,Homogeneous Selection,eDNA15,eDNA27,0.2897750909592377,ANE,20.502670370042324,-11.687733,ANC,21.62990203499794,-44.0762,0.7102249090407623,1.127231664955616,32.388467,ANC-ANE,"[1,2)",eDNA15__eDNA27,0,0,0,0,NA,NA,NA,NA,0,0,FALSE,NA,0,0.10785277786558,6.2199065567714e-4,0.529249193919853,0.47075080608014697,0.89214722213442
eDNA28,eDNA15,-3.64631723677644,0.01,Homogeneous Selection,eDNA15,eDNA28,0.2856433549521445,ANE,21.50245673954487,-7.874533,ANC,21.62990203499794,-44.0762,0.7143566450478556,0.1274452954530716,36.201667,ANC-ANE,"[0,1)",eDNA15__eDNA28,0,0,0,0,NA,NA,NA,NA,0,0,FALSE,NA,0,0.0831475355214139,4.179782491549e-4,0.49904214559387,0.5009578544061299,0.916852464478586
eDNA3,eDNA15,-2.42679601164098,0.65,Homogeneous Selection,eDNA15,eDNA3,0.2960930932499172,ANW,26.101474039256573,-75.508383,ANC,21.62990203499794,-44.0762,0.7039069067500827,4.471572004258633,31.432182999999995,ANC-ANW,"[4,6)",eDNA15__eDNA3,0,0,0.02040816326530612,0,NA,NA,354.5,NA,0.00510204081632653,0.02040816326530612,TRUE,354.5,1,0.145316229218281,9.0313813567977e-4,0.53981436248168,0.46018563751832,0.854683770781719
eDNA4,eDNA15,-2.85475934426621,0.82,Homogeneous Selection,eDNA15,eDNA4,0.32092802228911765,ANW,27.20014037936926,-74.85995,ANC,21.62990203499794,-44.0762,0.6790719777108823,5.570238344371319,30.78375,ANC-ANW,"[4,6)",eDNA15__eDNA4,0,0,0.02040816326530612,0,NA,NA,230,NA,0.00510204081632653,0.02040816326530612,TRUE,230,1,0.173019607838293,7.1937543528832e-4,0.568797399783315,0.431202600216685,0.8269803921617069
eDNA6,eDNA15,-1.85390850882782,0.67,Drift,eDNA15,eDNA6,0.29582881639334124,ANW,24.7383953332901,-69.329683,ANC,21.62990203499794,-44.0762,0.7041711836066588,3.10849329829216,25.253483000000003,ANC-ANW,"[2,4)",eDNA15__eDNA6,0,0,0,0,NA,NA,NA,NA,0,0,FALSE,NA,0,0.151251330734902,8.5886811462354e-4,0.563636363636364,0.43636363636363595,0.8487486692650981
eDNA7,eDNA15,-2.1357517849195,-0.51,Homogeneous Selection,eDNA15,eDNA7,0.30103385172365715,ANW,24.250587478280067,-67.287833,ANC,21.62990203499794,-44.0762,0.6989661482763428,2.6206854432821274,23.21163300000001,ANC-ANW,"[2,4)",eDNA15__eDNA7,0,0,0,0,NA,NA,NA,NA,0,0,FALSE,NA,0,0.108939583343603,5.7532143024574e-4,0.460334029227557,0.5396659707724429,0.891060416656397
eDNA9,eDNA15,-3.34367454653423,-0.49,Homogeneous Selection,eDNA15,eDNA9,0.23812103130338777,ANW,23.814783163368705,-62.128333,ANC,21.62990203499794,-44.0762,0.7618789686966122,2.1848811283707654,18.052133,ANC-ANW,"[2,4)",eDNA15__eDNA9,0,0,0.02040816326530612,0,NA,NA,323.5,NA,0.00510204081632653,0.02040816326530612,TRUE,323.5,1,0.103694760368815,5.8691770457097e-4,0.487058823529412,0.512941176470588,0.896305239631185
eDNA1,eDNA16,-1.34082042810894,1,Dispersal Limitation,eDNA1,eDNA16,0.5908398857814691,ANW,26.81560716032982,-77.936917,ANC,21.18457594513893,-40.685317,0.40916011421853093,5.6310312151908875,37.2516,ANC-ANW,"[4,6)",eDNA1__eDNA16,0,0,0,0,NA,NA,NA,NA,0,0,FALSE,NA,0,0.542531017082333,0.0104953549173326,0.816729718369063,0.18327028163093695,0.457468982917667
eDNA18,eDNA16,-3.52707820611339,-0.88,Homogeneous Selection,eDNA16,eDNA18,0.21472089417726992,ANC,21.02490310370922,-34.595667,ANC,21.18457594513893,-40.685317,0.7852791058227301,0.1596728414297104,6.089649999999999,ANC-ANC,"[0,1)",eDNA16__eDNA18,0.04081632653061224,0,0.02040816326530612,0.14285714285714285,235,NA,193.5,219.5,0.0510204081632653,0.14285714285714285,TRUE,193.5,3,0.0536723264902061,6.6093224135099e-4,0.422321929332586,0.5776780706674141,0.9463276735097939
eDNA19,eDNA16,-4.23582089348374,-0.62,Homogeneous Selection,eDNA16,eDNA19,0.20037638322685863,ANC,20.126926481723785,-32.055683,ANC,21.18457594513893,-40.685317,0.7996236167731414,1.057649463415146,8.629633999999996,ANC-ANC,"[1,2)",eDNA16__eDNA19,0.02040816326530612,0,0,0,275.75,NA,NA,NA,0.00510204081632653,0.02040816326530612,TRUE,275.75,1,0.0875565894669852,0.00102915417839955,0.526748971193416,0.473251028806584,0.9124434105330148
eDNA25,eDNA16,-3.75274879851899,-0.56,Homogeneous Selection,eDNA16,eDNA25,0.27787174063239595,ANE,19.737266153097153,-17.887783,ANC,21.18457594513893,-40.685317,0.722128259367604,1.4473097920417786,22.797534,ANC-ANE,"[1,2)",eDNA16__eDNA25,0,0,0,0,NA,NA,NA,NA,0,0,FALSE,NA,0,0.0813668013027867,0.00146177661363223,0.48653106102254,0.51346893897746,0.9186331986972133
eDNA26,eDNA16,-2.774963006954,-0.49,Homogeneous Selection,eDNA16,eDNA26,0.2869936731255549,ANE,20.25656910985708,-14.5402,ANC,21.18457594513893,-40.685317,0.7130063268744451,0.9280068352818523,26.145117,ANC-ANE,"[0,1)",eDNA16__eDNA26,0,0,0,0,NA,NA,NA,NA,0,0,FALSE,NA,0,0.0917873534503905,6.7257054537761e-4,0.510614525139665,0.489385474860335,0.9082126465496095
eDNA27,eDNA16,-3.44040987941636,-0.2,Homogeneous Selection,eDNA16,eDNA27,0.2386636398954719,ANE,20.502670370042324,-11.687733,ANC,21.18457594513893,-40.685317,0.7613363601045281,0.6819055750966072,28.997583999999996,ANC-ANE,"[0,1)",eDNA16__eDNA27,0,0,0,0,NA,NA,NA,NA,0,0,FALSE,NA,0,0.0921489942940034,0.00295419140404463,0.510556621880998,0.48944337811900196,0.9078510057059966
eDNA28,eDNA16,-3.53525417521373,-0.22,Homogeneous Selection,eDNA16,eDNA28,0.2348877174092658,ANE,21.50245673954487,-7.874533,ANC,21.18457594513893,-40.685317,0.7651122825907342,0.3178807944059372,32.810784,ANC-ANE,"[0,1)",eDNA16__eDNA28,0,0,0,0,NA,NA,NA,NA,0,0,FALSE,NA,0,0.0736902411671143,0.00311929596328009,0.519240379810095,0.48075962018990503,0.9263097588328857
eDNA3,eDNA16,-2.58045244046003,0.46,Homogeneous Selection,eDNA16,eDNA3,0.3932476614823515,ANW,26.101474039256573,-75.508383,ANC,21.18457594513893,-40.685317,0.6067523385176485,4.9168980941176414,34.823066,ANC-ANW,"[4,6)",eDNA16__eDNA3,0,0,0,0,NA,NA,NA,NA,0,0,FALSE,NA,0,0.163264584185359,0.00216507729390203,0.564285714285714,0.43571428571428605,0.836735415814641
eDNA4,eDNA16,-2.63727800480153,0.62,Homogeneous Selection,eDNA16,eDNA4,0.4003794793905336,ANW,27.20014037936926,-74.85995,ANC,21.18457594513893,-40.685317,0.5996205206094664,6.015564434230328,34.174633,ANC-ANW,"[6,8)",eDNA16__eDNA4,0,0,0,0,NA,NA,NA,NA,0,0,FALSE,NA,0,0.193170329195874,0.00112947360323701,0.588402501421262,0.41159749857873795,0.806829670804126
eDNA6,eDNA16,-1.82485176796437,0.24,Drift,eDNA16,eDNA6,0.38882688682762007,ANW,24.7383953332901,-69.329683,ANC,21.18457594513893,-40.685317,0.6111731131723799,3.553819388151169,28.644366000000005,ANC-ANW,"[2,4)",eDNA16__eDNA6,0,0,0.04081632653061224,0,NA,NA,261.25,NA,0.01020408163265306,0.04081632653061224,TRUE,261.25,1,0.168956407217235,0.00231365107822457,0.575975359342916,0.424024640657084,0.831043592782765
eDNA7,eDNA16,-2.20571068502378,-0.34,Homogeneous Selection,eDNA16,eDNA7,0.3751080353251398,ANW,24.250587478280067,-67.287833,ANC,21.18457594513893,-40.685317,0.6248919646748602,3.066011533141136,26.60251600000001,ANC-ANW,"[2,4)",eDNA16__eDNA7,0,0,0,0,NA,NA,NA,NA,0,0,FALSE,NA,0,0.126417336575488,0.00132035638995687,0.484964461454347,0.515035538545653,0.873582663424512
eDNA9,eDNA16,-3.2006473081567,-0.17,Homogeneous Selection,eDNA16,eDNA9,0.3377529336733716,ANW,23.814783163368705,-62.128333,ANC,21.18457594513893,-40.685317,0.6622470663266284,2.630207218229774,21.443016,ANC-ANW,"[2,4)",eDNA16__eDNA9,0,0,0.04081632653061224,0,NA,NA,214.5,NA,0.01020408163265306,0.04081632653061224,TRUE,214.5,1,0.118507233803066,0.0036945783530492,0.518155053974485,0.481844946025515,0.881492766196934
eDNA15,eDNA16,-5.72059009603244,-1,Homogeneous Selection,eDNA15,eDNA16,0.09619324709420754,ANC,21.62990203499794,-44.0762,ANC,21.18457594513893,-40.685317,0.9038067529057924,0.4453260898590088,3.3908830000000023,ANC-ANC,"[0,1)",eDNA15__eDNA16,0.12244897959183673,0,0.6122448979591837,0.04081632653061224,56,NA,72.5,257.75,0.19387755102040816,0.6122448979591837,TRUE,56,3,0.00453334668975691,0.00209664951512079,0.221249270286048,0.778750729713952,0.9954666533102431
eDNA1,eDNA17,-1.27629943803483,1,Dispersal Limitation,eDNA1,eDNA17,0.5750493219392816,ANW,26.81560716032982,-77.936917,ANC,20.84838404506445,-37.395217,0.4249506780607184,5.967223115265369,40.54169999999999,ANC-ANW,"[4,6)",eDNA1__eDNA17,0,0,0,0,NA,NA,NA,NA,0,0,FALSE,NA,0,0.596261803072296,0.0142363120558929,0.843171806167401,0.15682819383259905,0.40373819692770396
eDNA18,eDNA17,-4.56831050113414,-1,Homogeneous Selection,eDNA17,eDNA18,0.14891972039646323,ANC,21.02490310370922,-34.595667,ANC,20.84838404506445,-37.395217,0.8510802796035368,0.17651905864477158,2.7995500000000035,ANC-ANC,"[0,1)",eDNA17__eDNA18,0.20408163265306123,0,1,0.5510204081632653,93.75,NA,20.75,57.75,0.4387755102040816,1,TRUE,20.75,3,0.0337892797725243,0.00127136964321994,0.399044205495818,0.600955794504182,0.9662107202274757
eDNA19,eDNA17,-3.25392071729862,-0.87,Homogeneous Selection,eDNA17,eDNA19,0.1380295144827965,ANC,20.126926481723785,-32.055683,ANC,20.84838404506445,-37.395217,0.8619704855172035,0.7214575633406639,5.339534,ANC-ANC,"[0,1)",eDNA17__eDNA19,0.7959183673469388,0,0.04081632653061224,0.04081632653061224,58.75,NA,114.5,100,0.2193877551020408,0.7959183673469388,TRUE,58.75,3,0.0655737251252027,0.00216518285989042,0.485558583106267,0.514441416893733,0.9344262748747973
eDNA25,eDNA17,-4.51969479189967,-0.87,Homogeneous Selection,eDNA17,eDNA25,0.2042341106208841,ANE,19.737266153097153,-17.887783,ANC,20.84838404506445,-37.395217,0.795765889379116,1.1111178919672966,19.507434000000003,ANC-ANE,"[1,2)",eDNA17__eDNA25,0,0,0,0.02040816326530612,NA,NA,NA,323.75,0.00510204081632653,0.02040816326530612,TRUE,323.75,1,0.0686194398964349,0.00291201512254902,0.505263157894737,0.49473684210526303,0.9313805601035651
eDNA26,eDNA17,-2.5692994700947702,-0.83,Homogeneous Selection,eDNA17,eDNA26,0.2133975388212202,ANE,20.25656910985708,-14.5402,ANC,20.84838404506445,-37.395217,0.7866024611787799,0.5918149352073705,22.855017000000004,ANC-ANE,"[0,1)",eDNA17__eDNA26,0,0,0,0,NA,NA,NA,NA,0,0,FALSE,NA,0,0.0792763071735365,0.00122490466937863,0.518143961927424,0.48185603807257604,0.9207236928264635
eDNA27,eDNA17,-5.4607968506816,-0.25,Homogeneous Selection,eDNA17,eDNA27,0.1638028509152571,ANE,20.502670370042324,-11.687733,ANC,20.84838404506445,-37.395217,0.8361971490847429,0.34571367502212524,25.707484,ANC-ANE,"[0,1)",eDNA17__eDNA27,0,0,0,0,NA,NA,NA,NA,0,0,FALSE,NA,0,0.0814978175718059,0.00493247774311556,0.538227848101266,0.461772151898734,0.9185021824281941
eDNA28,eDNA17,-5.02970390624586,-0.77,Homogeneous Selection,eDNA17,eDNA28,0.16051387053751795,ANE,21.50245673954487,-7.874533,ANC,20.84838404506445,-37.395217,0.839486129462482,0.6540726944804192,29.520684000000003,ANC-ANE,"[0,1)",eDNA17__eDNA28,0,0,0,0,NA,NA,NA,NA,0,0,FALSE,NA,0,0.0612085044122505,0.00511662672737212,0.501057082452431,0.49894291754756903,0.9387914955877495
eDNA3,eDNA17,-4.19306552479482,0.31,Homogeneous Selection,eDNA17,eDNA3,0.45878894323568287,ANW,26.101474039256573,-75.508383,ANC,20.84838404506445,-37.395217,0.5412110567643171,5.253089994192123,38.11316599999999,ANC-ANW,"[4,6)",eDNA17__eDNA3,0,0,0,0,NA,NA,NA,NA,0,0,FALSE,NA,0,0.204977018904484,0.00303742870130264,0.606699081577526,0.39330091842247406,0.7950229810955161
eDNA4,eDNA17,-4.03733730693804,0.31,Homogeneous Selection,eDNA17,eDNA4,0.46214505038184023,ANW,27.20014037936926,-74.85995,ANC,20.84838404506445,-37.395217,0.5378549496181597,6.35175633430481,37.464732999999995,ANC-ANW,"[6,8)",eDNA17__eDNA4,0,0,0.02040816326530612,0,NA,NA,335.75,NA,0.00510204081632653,0.02040816326530612,TRUE,335.75,1,0.239253484475406,0.00263168809902492,0.615757575757576,0.38424242424242405,0.760746515524594
eDNA6,eDNA17,-2.37968105427168,0.37,Homogeneous Selection,eDNA17,eDNA6,0.4523461976056327,ANW,24.7383953332901,-69.329683,ANC,20.84838404506445,-37.395217,0.5476538023943673,3.890011288225651,31.934466,ANC-ANW,"[2,4)",eDNA17__eDNA6,0,0,0.04081632653061224,0,NA,NA,321.75,NA,0.01020408163265306,0.04081632653061224,TRUE,321.75,1,0.21423138221756,0.00384762688183016,0.635671560630778,0.364328439369222,0.78576861778244
eDNA7,eDNA17,-3.10787685332032,0.05,Homogeneous Selection,eDNA17,eDNA7,0.4370184213264792,ANW,24.250587478280067,-67.287833,ANC,20.84838404506445,-37.395217,0.5629815786735208,3.402203433215618,29.892616000000004,ANC-ANW,"[2,4)",eDNA17__eDNA7,0,0,0,0,NA,NA,NA,NA,0,0,FALSE,NA,0,0.168600431539462,0.00253766724964399,0.543023255813953,0.45697674418604695,0.831399568460538
eDNA9,eDNA17,-4.03657324735183,0.13,Homogeneous Selection,eDNA17,eDNA9,0.4046800857742617,ANW,23.814783163368705,-62.128333,ANC,20.84838404506445,-37.395217,0.5953199142257384,2.966399118304256,24.733115999999995,ANC-ANW,"[2,4)",eDNA17__eDNA9,0,0,0,0,NA,NA,NA,NA,0,0,FALSE,NA,0,0.157340300447541,0.00594883463285611,0.573872472783826,0.426127527216174,0.842659699552459
eDNA15,eDNA17,-5.87163220141784,-0.99,Homogeneous Selection,eDNA15,eDNA17,0.15966581100915053,ANC,21.62990203499794,-44.0762,ANC,20.84838404506445,-37.395217,0.8403341889908494,0.7815179899334908,6.680982999999998,ANC-ANC,"[0,1)",eDNA15__eDNA17,0,0.02040816326530612,0.02040816326530612,0,NA,238.5,235.25,NA,0.01020408163265306,0.02040816326530612,TRUE,235.25,2,0.0167190227250205,0.00439667888395612,0.337905236907731,0.662094763092269,0.9832809772749795
eDNA16,eDNA17,-3.87045829240839,-1,Homogeneous Selection,eDNA16,eDNA17,0.08101322722140016,ANC,21.18457594513893,-40.685317,ANC,20.84838404506445,-37.395217,0.9189867727786,0.33619190007448196,3.2900999999999954,ANC-ANC,"[0,1)",eDNA16__eDNA17,0,0.04081632653061224,0,0,NA,106.75,NA,NA,0.01020408163265306,0.04081632653061224,TRUE,106.75,1,0.0076272446795953,8.7401931385988e-4,0.277521423862887,0.7224785761371131,0.9923727553204047
