"sample_1","sample_2","tina_dist","pina_dist","geo_km","bray"
"eDNA18","eDNA1",0.621946167056402,0.00760864645973069,4097.17362526599,0.857255520504732
"eDNA19","eDNA1",0.598159570114214,0.00624537599024388,4318.9498453152,0.854653318502039
"eDNA25","eDNA1",0.563265793693058,0.00534162528297788,5592.14875758997,0.808709175738725
"eDNA26","eDNA1",0.542064546469535,0.00774505517252333,5882.55550334589,0.794730633110499
"eDNA27","eDNA1",0.551628659378673,0.00301211792792433,6129.91381829051,0.799788508988368
"eDNA28","eDNA1",0.56483564034661,0.00292581168781658,6466.90079203421,0.819898329702251
"eDNA3","eDNA1",0.330366620197456,0.00504709944791337,278.73138044292,0.68521931441209
"eDNA4","eDNA1",0.230880114429846,0.00535447692135771,362.95062484688,0.598726114649682
"eDNA6","eDNA1",0.278614760105617,0.00409369122402203,869.087950669844,0.609774157719363
"eDNA7","eDNA1",0.343369786820824,0.00542726161286589,1058.19601823219,0.676994577846631
"eDNA9","eDNA1",0.378626104427704,0.00226692891905345,1541.95699054275,0.701898960945898
"eDNA15","eDNA1",0.520364962403883,0.00419771295012661,3236.21188833806,0.806974858069749
"eDNA16","eDNA1",0.542531017082333,0.0104953549173326,3547.4825793784,0.816729718369063
"eDNA17","eDNA1",0.596261803072296,0.0142363120558929,3845.29852797139,0.843171806167401
"eDNA19","eDNA18",0.0315790360706144,0.000507173359657331,264.222877075789,0.374583531651594
"eDNA25","eDNA18",0.0336820558895045,0.000499630770113058,1505.88143156367,0.380566801619433
"eDNA26","eDNA18",0.0439254301105039,0.000274589081653898,1804.21912016227,0.431946584488957
"eDNA27","eDNA18",0.0480070256629243,0.00145200291006664,2058.36507745001,0.429718875502008
"eDNA28","eDNA18",0.0382874669976241,0.00142452309925611,2401.07134523157,0.39017608897127
"eDNA3","eDNA18",0.29558367956116,0.000661231810808016,3824.67186326033,0.689182805857345
"eDNA4","eDNA18",0.320585817486547,0.000562225674692884,3746.70338131208,0.682672233820459
"eDNA6","eDNA18",0.293195869413207,0.00113518571801841,3228.32047783666,0.70166270783848
"eDNA7","eDNA18",0.26164318259461,0.000408574078043178,3041.71516514601,0.654582074521652
"eDNA9","eDNA18",0.243575424827093,0.00195567583135092,2570.13656545301,0.672892938496583
"eDNA15","eDNA18",0.0708205779200382,0.0011536152093955,881.747144607548,0.454545454545455
"eDNA16","eDNA18",0.0536723264902061,0.000660932241350998,570.969433425489,0.422321929332586
"eDNA17","eDNA18",0.0337892797725243,0.00127136964321994,256.167774929747,0.399044205495818
"eDNA25","eDNA19",0.0420486119223417,0.000873142306067054,1273.38150478186,0.4225549836219
"eDNA26","eDNA19",0.0450999934005535,0.00079125171597727,1566.74045322018,0.428842504743833
"eDNA27","eDNA19",0.0496929313788382,0.000813858905021281,1818.14494107338,0.419650291423813
"eDNA28","eDNA19",0.0619222691834258,0.00136656489766862,2159.40375251713,0.479085812850367
"eDNA3","eDNA19",0.313956865574873,0.000869400787003705,4044.40722945894,0.726075504828797
"eDNA4","eDNA19",0.330956746586981,0.000385028528422926,3965.08002810942,0.707270101107366
"eDNA6","eDNA19",0.306136152532,0.00145579934200513,3451.61578565604,0.733451015004413
"eDNA7","eDNA19",0.282071278279249,0.000857753016340612,3267.46750880987,0.693525850023288
"eDNA9","eDNA19",0.256199357899699,0.00191701342677586,2802.27459290721,0.685059422750424
"eDNA15","eDNA19",0.108808523093133,0.00119092121155306,1130.29062067189,0.568685376661743
"eDNA16","eDNA19",0.0875565894669852,0.00102915417839955,825.21945199935,0.526748971193416
"eDNA17","eDNA19",0.0655737251252027,0.00216518285989042,509.430630954755,0.485558583106267
"eDNA26","eDNA25",0.00760983390321723,0.000637874198520905,302.575753067989,0.257690368129097
"eDNA27","eDNA25",0.0155790403633783,0.000903675739690746,559.137506189846,0.303469477382521
"eDNA28","eDNA25",0.0286786446807865,0.000693110697783217,901.753247526226,0.379216043755697
"eDNA3","eDNA25",0.294904168071621,0.000762284576192762,5317.29595309493,0.697166744078031
"eDNA4","eDNA25",0.313118780067249,0.00047280078519174,5237.66634961017,0.6875
"eDNA6","eDNA25",0.268031539701952,0.000489938766584874,4724.99098655267,0.653432975245212
"eDNA7","eDNA25",0.259752748849449,0.000220206075820739,4540.74543271982,0.642927794263106
"eDNA9","eDNA25",0.234845322530065,0.000805150161506174,4073.73571836677,0.638727028238458
"eDNA15","eDNA25",0.0994590429029547,0.000410168092905394,2386.65789669873,0.516264428121721
"eDNA16","eDNA25",0.0813668013027867,0.00146177661363223,2073.86530049253,0.48653106102254
"eDNA17","eDNA25",0.0686194398964349,0.00291201512254902,1761.862829469,0.505263157894737
"eDNA27","eDNA26",0.0172808058939936,0.00196763385883669,256.564895115293,0.315836298932384
"eDNA28","eDNA26",0.0346298412879259,0.00184290138015775,599.402483957831,0.422632794457275
"eDNA3","eDNA26",0.294621711197139,0.0011109054630174,5606.93048112671,0.702448210922787
"eDNA4","eDNA26",0.308139147125688,0.000662147040385586,5526.73706810474,0.679667186687468
"eDNA6","eDNA26",0.264662423820476,0.000858386749361117,5016.55413579699,0.65530303030303
"eDNA7","eDNA26",0.261029336424639,0.000456304774004046,4833.40387821412,0.648770697441044
"eDNA9","eDNA26",0.237919234525968,0.00208208091192652,4368.93558414511,0.661217075386013
"eDNA15","eDNA26",0.11078148359873,0.00158309193878603,2685.7343189237,0.566329248801279
"eDNA16","eDNA26",0.0917873534503905,0.000672570545377615,2373.46677126696,0.510614525139665
"eDNA17","eDNA26",0.0792763071735365,0.00122490466937863,2060.37509230311,0.518143961927424
"eDNA28","eDNA27",0.0286423797899111,0.000367318360946833,343.205611354872,0.338755591703945
"eDNA3","eDNA27",0.295743208703355,0.000657924276047051,5853.74927378735,0.684863523573201
"eDNA4","eDNA27",0.313875520474054,0.000852121149888641,5773.13925577004,0.694181326116374
"eDNA6","eDNA27",0.267127359189494,0.00122903780888473,5264.9836615059,0.640066500415628
"eDNA7","eDNA27",0.261553964189315,0.00104206254066008,5082.70256417924,0.641451683428072
"eDNA9","eDNA27",0.234818288702498,0.000664030674224492,4620.22574892785,0.633814102564103
"eDNA15","eDNA27",0.10785277786558,0.00062199065567714,2940.08521931975,0.529249193919853
"eDNA16","eDNA27",0.0921489942940034,0.00295419140404463,2628.22194388417,0.510556621880998
"eDNA17","eDNA27",0.0814978175718059,0.00493247774311556,2314.52500767954,0.538227848101266
"eDNA3","eDNA28",0.270358229110101,0.000649096793388315,6190.28184813587,0.654817987152034
"eDNA4","eDNA28",0.29693033994617,0.00108281789449727,6109.2985239977,0.690721649484536
"eDNA6","eDNA28",0.250508153488812,0.000747350728559026,5603.07626150991,0.645286267757211
"eDNA7","eDNA28",0.235606230853776,0.000771662532098261,5421.57967961883,0.622504537205082
"eDNA9","eDNA28",0.209776320266267,0.000302755691489964,4960.79615096276,0.607128056361376
"eDNA15","eDNA28",0.0831475355214139,0.000417978249154904,3282.81828634792,0.49904214559387
"eDNA16","eDNA28",0.0736902411671143,0.00311929596328009,2971.15214265701,0.519240379810095
"eDNA17","eDNA28",0.0612085044122505,0.00511662672737212,2657.20638044938,0.501057082452431
"eDNA4","eDNA3",0.0333104439027413,0.000817450492781702,85.5490539399376,0.365504061156235
"eDNA6","eDNA3",0.0614024100620991,0.000965408509918442,600.722389576959,0.460999123575811
"eDNA7","eDNA3",0.0287785991125146,0.000489613493548591,792.887781604549,0.342579750346741
"eDNA9","eDNA3",0.0657351565743928,0.00109285970315054,1280.1674126451,0.425801011804385
"eDNA15","eDNA3",0.145316229218281,0.000903138135679771,2967.69697087372,0.53981436248168
"eDNA16","eDNA3",0.163264584185359,0.00216507729390203,3277.95847165319,0.564285714285714
"eDNA17","eDNA3",0.204977018904484,0.00303742870130264,3573.61525933767,0.606699081577526
"eDNA6","eDNA4",0.0552836059221394,0.00067959751329616,528.775063731118,0.476213358962037
"eDNA7","eDNA4",0.0378190050699897,0.000353770130470998,721.981434504829,0.363914373088685
"eDNA9","eDNA4",0.0859905140694751,0.00115903080115243,1209.86711703892,0.508060801473975
"eDNA15","eDNA4",0.173019607838293,0.000719375435288327,2892.25474324476,0.568797399783315
"eDNA16","eDNA4",0.193170329195874,0.00112947360323701,3201.86216599493,0.588402501421262
"eDNA17","eDNA4",0.239253484475406,0.00263168809902492,3496.18684196005,0.615757575757576
"eDNA7","eDNA6",0.0319907627170091,0.00029482697121952,193.349696725295,0.353788935378894
"eDNA9","eDNA6",0.0616086893281559,0.000505004372252094,681.159296585301,0.433050847457627
"eDNA15","eDNA6",0.151251330734902,0.000858868114623546,2367.80596651975,0.563636363636364
"eDNA16","eDNA6",0.168956407217235,0.00231365107822457,2678.66812696317,0.575975359342916
"eDNA17","eDNA6",0.21423138221756,0.00384762688183016,2976.24894403295,0.635671560630778
"eDNA9","eDNA7",0.0307379691029211,0.000814144302635933,487.885686666347,0.325301204819277
"eDNA15","eDNA7",0.108939583343603,0.000575321430245745,2178.06328685717,0.460334029227557
"eDNA16","eDNA7",0.126417336575488,0.00132035638995687,2489.58122544389,0.484964461454347
"eDNA17","eDNA7",0.168600431539462,0.00253766724964399,2788.90430695159,0.543023255813953
"eDNA15","eDNA9",0.103694760368815,0.000586917704570977,1698.96421492356,0.487058823529412
"eDNA16","eDNA9",0.118507233803066,0.0036945783530492,2011.89541891744,0.518155053974485
"eDNA17","eDNA9",0.157340300447541,0.00594883463285611,2315.660561807,0.573872472783826
"eDNA16","eDNA15",0.00453334668975691,0.00209664951512079,313.757916231027,0.221249270286048
"eDNA17","eDNA15",0.0167190227250205,0.00439667888395612,625.634955235497,0.337905236907731
"eDNA17","eDNA16",0.0076272446795953,0.000874019313859886,316.227599165857,0.277521423862887
